-- PROPÓSITO: CRIAR AS TABELAS ORACLE PARA OS EXEMPLOS E EXERCÍCIOS DOS ALUNOS
-- NO LIVRO "FUNDAMENTOS DE SQL - 3ª EDIÇÃO".

-- ISSO DEVE SER EXECUTADO APENAS UMA VEZ.

-- ESCRITO POR: JOHN PATRICK
-- DATA: JULHO DE 2008
-- DIREITOS AUTORAIS: JOHN PATRICK

-- Este script é destinado a ser executado a partir da página de SCRIPTS SQL
-- Que pode ser acessada pela interface da Página Inicial do Oracle

-- Dentro dos Scripts SQL, use o botão de Upload para carregar este arquivo

-- ************************************************************
-- CARREGAR AS TABELAS DO BANCO DE DADOS ALMOCOS:
-- funcionarios (EMPREGADOS)
-- comidas (ALIMENTOS)
-- departamentos (DEPARTAMENTOS)
-- almocos (ALMOÇOS)
-- itens_almoco (IdezS DO ALMOÇO)
-- fornecedores (FORNECEDORES)
-- constantes (CONSTANTES)
-- ************************************************************
DROP DATABASE IF EXISTS sqlfun;

CREATE DATABASE IF NOT EXISTS sqlfun;

USE sqlfun;
-- CREATE THE funcionarios TABLE
CREATE TABLE funcionarios
(id_funcionario    INT(3),
primeiro_nome  VARCHAR(10),
sobrenome      VARCHAR(20),
codigo_depto   VARCHAR(3),
data_contratacao DATE,
limite_credito DECIMAL(4,2),
numero_telefone VARCHAR(4),
id_gerente      INT(3));

ALTER TABLE funcionarios
-- ADD CONSTRAINT PK_funcionarios
ADD PRIMARY KEY (id_funcionario);


INSERT INTO funcionarios VALUES (201, 'SUSAN', 'BROWN', 'EXE', '1998-06-01', 30, '3484', NULL);
INSERT INTO funcionarios VALUES (202, 'JIM', 'KERN', 'VEN', '1999-08-16', 25, '8722', 201);
INSERT INTO funcionarios VALUES (203, 'MARTHA', 'WOODS', 'EXP', '2009-02-02', 25, '7591', 201);
INSERT INTO funcionarios VALUES (204, 'ELLEN', 'OWENS', 'VEN', '2008-07-01', 15, '6830', 202);
INSERT INTO funcionarios VALUES (205, 'HENRY', 'PERKINS', 'VEN', '2006-03-01', 25, '5286', 202);
INSERT INTO funcionarios VALUES (206, 'CAROL', 'ROSE', 'CON', NULL, NULL, NULL, NULL);
INSERT INTO funcionarios VALUES (207, 'DAN', 'SMITH', 'EXP', '2008-12-01', 25, '2259', 203);
INSERT INTO funcionarios VALUES (208, 'FRED', 'CAMPBELL', 'EXP', '2008-04-01', 25, '1752', 203);
INSERT INTO funcionarios VALUES (209, 'PAULA', 'JACOBS', 'MKT', '1999-03-17', 15, '3357', 201);
INSERT INTO funcionarios VALUES (210, 'NANCY', 'HOFFMAN', 'VEN', '2007-02-16', 25, '2974', 203);
COMMIT;

-- ANALYZE TABLE funcionarios COMPUTE STATISTICS;
ANALYZE TABLE funcionarios;
ALTER TABLE funcionarios AUTO_INCREMENT = 211;


-- CREATE THE comidas TABLE
CREATE TABLE comidas
(id_fornecedor    VARCHAR(3),
codigo_produto    VARCHAR(2),
item_menu       INT(2),
descricao VARCHAR(20),
preco DECIMAL(4,2),
aumento_preco DECIMAL(4,2)
);


ALTER TABLE comidas
-- ADD CONSTRAINT PK_comidas
ADD PRIMARY KEY (id_fornecedor, codigo_produto,item_menu);


INSERT INTO comidas VALUES ('ASP', 'SL', 1, 'Salada Fresca', 12.00, 1.00);
INSERT INTO comidas VALUES ('ASP', 'SP', 2, 'Sopa do Dia', 8.00, NULL);
INSERT INTO comidas VALUES ('ASP', 'SD', 3, 'Sanduíche', 15.00, 1.50);
INSERT INTO comidas VALUES ('BCE', 'BF', 4, 'Bife Grelhado', 25.00, 2.50);
INSERT INTO comidas VALUES ('BCE', 'SD', 5, 'Hambúrguer', 18.00, 1.00);
INSERT INTO comidas VALUES ('FVR', 'BR', 6, 'Brócolis', 7.00, 0.50);
INSERT INTO comidas VALUES ('FVR', 'BF', 7, 'Batata Frita', 9.00, NULL);
INSERT INTO comidas VALUES ('SBB', 'RF', 8, 'Refrigerante', 5.00, 0.50);
INSERT INTO comidas VALUES ('SBB', 'VR', 9, 'Café', 4.00, 0.30);
INSERT INTO comidas VALUES ('VSB', 'RF', 10, 'Sobremesa', 10.00, 0.80);
COMMIT;

ANALYZE TABLE comidas;
ALTER TABLE comidas AUTO_INCREMENT = 11;
-- ALTER TABLE comidas MODIFY COLUMN item_menu INT AUTO_INCREMENT;
-- CREATE SEQUENCE SEQ_item_menu
-- START WITH 11
-- INCREMENT BY 1;

-- CREATE THE departamentos TABLE
CREATE TABLE departamentos
(codigo_depto           VARCHAR(3),
nome_departamento     VARCHAR(30));


ALTER TABLE departamentos
-- ADD CONSTRAINT PK_departamentos
ADD PRIMARY KEY (codigo_depto);


INSERT INTO departamentos VALUES ('CON', 'Contabilidade');
INSERT INTO departamentos VALUES ('EXE', 'Executivo');
INSERT INTO departamentos VALUES ('MKT', 'Marketing');
INSERT INTO departamentos VALUES ('PES', 'Pessoal');
INSERT INTO departamentos VALUES ('VEN', 'Vendas');
INSERT INTO departamentos VALUES ('EXP', 'Expedição');
COMMIT;

ANALYZE TABLE departamentos;


-- CRIAR TABELA ALMOCO
CREATE TABLE almocos (
    id_almoco  INT(3),
    data_almoco DATE,
    id_funcionario INT(3),
    data_registro DATETIME
);


ALTER TABLE almocos 
-- ADD CONSTRAINT PK_almocos 
ADD PRIMARY KEY (id_almoco );



INSERT INTO almocos VALUES (1, '2011-11-16', 201, '2011-10-13 10:35:24');
INSERT INTO almocos VALUES (2, '2011-11-16', 207, '2011-10-13 10:35:39');
INSERT INTO almocos VALUES (3, '2011-11-16', 203, '2011-10-13 10:35:45');
INSERT INTO almocos VALUES (4, '2011-11-16', 204, '2011-10-13 10:35:58');
INSERT INTO almocos VALUES (6, '2011-11-16', 202, '2011-10-13 10:36:41');
INSERT INTO almocos VALUES (7, '2011-11-16', 210, '2011-10-13 10:38:52');
INSERT INTO almocos VALUES (8, '2011-11-25', 201, '2011-10-14 11:15:37');
INSERT INTO almocos VALUES (9, '2011-11-25', 208, '2011-10-14 14:23:36');
INSERT INTO almocos VALUES (12, '2011-11-25', 204, '2011-10-14 15:02:53');
INSERT INTO almocos VALUES (13, '2011-11-25', 207, '2011-10-18 08:42:11');
INSERT INTO almocos VALUES (15, '2011-11-25', 205, '2011-10-21 16:23:50');
INSERT INTO almocos VALUES (16, '2011-12-05', 201, '2011-10-21 16:23:59');
INSERT INTO almocos VALUES (17, '2011-12-05', 210, '2011-10-21 16:35:26');
INSERT INTO almocos VALUES (20, '2011-12-05', 205, '2011-10-24 09:55:27');
INSERT INTO almocos VALUES (21, '2011-12-05', 203, '2011-10-24 11:43:13');
INSERT INTO almocos VALUES (22, '2011-12-05', 208, '2011-10-24 14:37:32');
COMMIT;

ANALYZE TABLE almocos;



-- CREATE THE itens_almoco TABLE.
CREATE TABLE itens_almoco
(id_almoco        INT(3),
ITEM_NUMBER     INT(2),
id_fornecedor     VARCHAR(3),
codigo_produto    VARCHAR(2),
QUANTITY        INT(1));


ALTER TABLE itens_almoco
-- ADD CONSTRAINT PK_itens_almoco
ADD PRIMARY KEY (id_almoco , ITEM_NUMBER);


INSERT INTO itens_almoco VALUES (1, 1, 'ASP', 'SL', 1);
INSERT INTO itens_almoco VALUES (1, 2, 'ASP', 'SD', 2);
INSERT INTO itens_almoco VALUES (1, 3, 'SBB', 'VR', 2);
INSERT INTO itens_almoco VALUES (2, 1, 'ASP', 'SD', 2);
INSERT INTO itens_almoco VALUES (2, 2, 'FVR', 'BF', 1);
INSERT INTO itens_almoco VALUES (2, 3, 'SBB', 'VR', 2);
INSERT INTO itens_almoco VALUES (2, 4, 'VSB', 'RF', 1);
INSERT INTO itens_almoco VALUES (3, 1, 'ASP', 'SL', 1);
INSERT INTO itens_almoco VALUES (3, 2, 'BCE', 'BF', 1);
INSERT INTO itens_almoco VALUES (3, 3, 'FVR', 'BF', 1);
INSERT INTO itens_almoco VALUES (3, 4, 'SBB', 'VR', 1);
INSERT INTO itens_almoco VALUES (3, 5, 'SBB', 'RF', 1);
INSERT INTO itens_almoco VALUES (4, 1, 'ASP', 'SP', 2);
INSERT INTO itens_almoco VALUES (4, 2, 'BCE', 'SD', 2);
INSERT INTO itens_almoco VALUES (4, 3, 'FVR', 'BF', 1);
INSERT INTO itens_almoco VALUES (4, 4, 'SBB', 'RF', 2);
INSERT INTO itens_almoco VALUES (6, 1, 'ASP', 'SP', 1);
INSERT INTO itens_almoco VALUES (6, 2, 'BCE', 'BF', 1);
INSERT INTO itens_almoco VALUES (6, 3, 'FVR', 'BF', 1);
INSERT INTO itens_almoco VALUES (6, 4, 'SBB', 'VR', 2);
INSERT INTO itens_almoco VALUES (6, 5, 'VSB', 'RF', 1);
INSERT INTO itens_almoco VALUES (7, 1, 'ASP', 'SL', 1);
INSERT INTO itens_almoco VALUES (7, 2, 'ASP', 'SP', 1);
INSERT INTO itens_almoco VALUES (7, 3, 'BCE', 'BF', 1);
INSERT INTO itens_almoco VALUES (7, 4, 'SBB', 'VR', 1);
INSERT INTO itens_almoco VALUES (7, 5, 'VSB', 'RF', 1);
INSERT INTO itens_almoco VALUES (8, 1, 'ASP', 'SL', 1);
INSERT INTO itens_almoco VALUES (8, 2, 'BCE', 'BF', 1);
INSERT INTO itens_almoco VALUES (8, 3, 'SBB', 'RF', 1);
INSERT INTO itens_almoco VALUES (9, 1, 'ASP', 'SL', 1);
INSERT INTO itens_almoco VALUES (9, 2, 'ASP', 'SP', 1);
INSERT INTO itens_almoco VALUES (9, 3, 'BCE', 'SD', 2);
INSERT INTO itens_almoco VALUES (9, 4, 'FVR', 'BF', 1);
INSERT INTO itens_almoco VALUES (9, 5, 'SBB', 'VR', 1);
INSERT INTO itens_almoco VALUES (9, 6, 'SBB', 'RF', 1);
INSERT INTO itens_almoco VALUES (12, 1, 'ASP', 'SL', 1);
INSERT INTO itens_almoco VALUES (12, 2, 'BCE', 'BF', 1);
INSERT INTO itens_almoco VALUES (12, 3, 'SBB', 'VR', 2);
INSERT INTO itens_almoco VALUES (12, 4, 'VSB', 'RF', 1);
INSERT INTO itens_almoco VALUES (13, 1, 'ASP', 'SP', 2);
INSERT INTO itens_almoco VALUES (13, 2, 'ASP', 'SD', 2);
INSERT INTO itens_almoco VALUES (13, 3, 'FVR', 'BF', 1);
INSERT INTO itens_almoco VALUES (13, 4, 'SBB', 'RF', 1);
INSERT INTO itens_almoco VALUES (15, 1, 'ASP', 'SP', 1);
INSERT INTO itens_almoco VALUES (15, 2, 'BCE', 'BF', 1);
INSERT INTO itens_almoco VALUES (15, 3, 'FVR', 'BF', 1);
INSERT INTO itens_almoco VALUES (15, 4, 'SBB', 'RF', 2);
INSERT INTO itens_almoco VALUES (16, 1, 'ASP', 'SL', 1);
INSERT INTO itens_almoco VALUES (16, 2, 'ASP', 'SD', 1);
INSERT INTO itens_almoco VALUES (16, 3, 'BCE', 'SD', 1);
INSERT INTO itens_almoco VALUES (16, 4, 'SBB', 'VR', 1);
INSERT INTO itens_almoco VALUES (16, 5, 'SBB', 'RF', 1);
INSERT INTO itens_almoco VALUES (17, 1, 'ASP', 'SP', 1);
INSERT INTO itens_almoco VALUES (17, 2, 'BCE', 'BF', 1);
INSERT INTO itens_almoco VALUES (17, 3, 'FVR', 'BF', 1);
INSERT INTO itens_almoco VALUES (17, 4, 'SBB', 'VR', 2);
INSERT INTO itens_almoco VALUES (17, 5, 'VSB', 'RF', 1);
INSERT INTO itens_almoco VALUES (20, 1, 'ASP', 'SL', 1);
INSERT INTO itens_almoco VALUES (20, 2, 'ASP', 'SP', 1);
INSERT INTO itens_almoco VALUES (20, 3, 'BCE', 'BF', 1);
INSERT INTO itens_almoco VALUES (20, 4, 'FVR', 'BF', 1);
INSERT INTO itens_almoco VALUES (20, 5, 'SBB', 'RF', 1);
INSERT INTO itens_almoco VALUES (21, 1, 'ASP', 'SP', 1);
INSERT INTO itens_almoco VALUES (21, 2, 'BCE', 'BF', 1);
INSERT INTO itens_almoco VALUES (21, 3, 'SBB', 'VR', 2);
INSERT INTO itens_almoco VALUES (21, 4, 'VSB', 'RF', 1);
INSERT INTO itens_almoco VALUES (22, 1, 'ASP', 'SL', 1);
INSERT INTO itens_almoco VALUES (22, 2, 'BCE', 'BF', 1);
INSERT INTO itens_almoco VALUES (22, 3, 'FVR', 'BF', 1);
INSERT INTO itens_almoco VALUES (22, 4, 'SBB', 'VR', 1);
INSERT INTO itens_almoco VALUES (22, 5, 'SBB', 'RF', 1);
COMMIT;

ANALYZE TABLE itens_almoco;


-- CREATE THE fornecedores TABLE
CREATE TABLE fornecedores
(id_fornecedor     VARCHAR(3),
nome_fornecedor    VARCHAR(40));


ALTER TABLE fornecedores
-- ADD CONSTRAINT PK_fornecedores
ADD PRIMARY KEY (id_fornecedor);


INSERT INTO fornecedores VALUES ('ARR', 'Aconchego, Refeições do Rodrigo');
INSERT INTO fornecedores VALUES ('ASP', 'Almoço Saboroso Popular');
INSERT INTO fornecedores VALUES ('BCE', 'Brasil Carnes Especiais');
INSERT INTO fornecedores VALUES ('FVR', 'Frutas e Verduras do Renato');
INSERT INTO fornecedores VALUES ('FSN', 'Frios e Sabores Naturais');
INSERT INTO fornecedores VALUES ('SBB', 'Só Bebidas');
INSERT INTO fornecedores VALUES ('MDJ', 'Mercearia do Jorge');
INSERT INTO fornecedores VALUES ('VSB', 'Variedades e Sabores Brasileiros');
COMMIT;

ANALYZE TABLE fornecedores;


-- CREATE THE constantes TABLE
CREATE TABLE constantes
(nome_empresa          VARCHAR(30),
    data_inicio_empresa   DATE,
    orcamento_almoco      DECIMAL(5,2),
    nome_proprietario     VARCHAR(30)
);

INSERT INTO constantes VALUES ('CITYWIDE UNIFORMS', '1998-06-01', 200, 'SUSAN BROWN');
COMMIT;

ANALYZE TABLE constantes;


-- Create Referential Integrity Constraints for the Lunches Database
ALTER TABLE funcionarios
ADD CONSTRAINT FK_funcionarios_codigo_depto
FOREIGN KEY (codigo_depto)
   REFERENCES departamentos (codigo_depto);


ALTER TABLE funcionarios
ADD CONSTRAINT FK_funcionarios_id_gerente
FOREIGN KEY (id_gerente)
   REFERENCES funcionarios (id_funcionario); 


ALTER TABLE almocos
ADD CONSTRAINT FK_almocos_empregados
FOREIGN KEY (id_funcionario)
   REFERENCES funcionarios (id_funcionario);


ALTER TABLE itens_almoco
ADD CONSTRAINT FK_itens_almoco_LUNCHES
FOREIGN KEY (id_almoco )
   REFERENCES almocos (id_almoco );


ALTER TABLE itens_almoco
ADD CONSTRAINT FK_itens_almoco_comidas
FOREIGN KEY (id_fornecedor, codigo_produto)
   REFERENCES comidas (id_fornecedor, codigo_produto);


ALTER TABLE comidas
ADD CONSTRAINT FK_comidas_SUPPLIERS
FOREIGN KEY (id_fornecedor)
   REFERENCES fornecedores (id_fornecedor)
   ON DELETE CASCADE;



-- Create NOT NULL constraints - Make a required field
ALTER TABLE funcionarios
ADD CONSTRAINT NN_funcionarios_primeiro_nome
   CHECK (primeiro_nome IS NOT NULL);


ALTER TABLE funcionarios
ADD CONSTRAINT NN_funcionarios_sobrenome
   CHECK (sobrenome IS NOT NULL);

 
ALTER TABLE almocos
ADD CONSTRAINT NN_almocos_id_funcionario
CHECK (id_funcionario IS NOT NULL);


-- Create UNIQUENESS constraints
ALTER TABLE funcionarios
ADD CONSTRAINT UNIQUE_funcionarios_FULL_NAME
   UNIQUE (primeiro_nome, sobrenome);


ALTER TABLE funcionarios
ADD CONSTRAINT UNIQUE_L_EMPPLOYEES_PHONE_NUM
   UNIQUE (numero_telefone);


-- Create CHECK constraints
ALTER TABLE comidas
ADD CONSTRAINT CHECK_comidas_preco_MAX_preco
CHECK (preco < 30.00);


-- ***************************************************
-- END OF LOADING THE LUNCHES DATABASE
-- ***************************************************

-- ****************************************************************
-- LOAD THE OTHER TABLES THAT ARE USED THROUGHOUT THE BOOK
-- (NOT IN JUST ONE SECTION)
--        alfabeto
--        numeros_0_a_9
--        dois
--        tres
--        (THE DUAL TABLE IS CREATED AUTOMATICALLY BY ORACLE)
-- ****************************************************************

CREATE TABLE alfabeto
(letra   VARCHAR(1));

INSERT INTO alfabeto VALUES ('A');
INSERT INTO alfabeto VALUES ('B');
INSERT INTO alfabeto VALUES ('C');
INSERT INTO alfabeto VALUES ('D');
INSERT INTO alfabeto VALUES ('E');
INSERT INTO alfabeto VALUES ('F');
INSERT INTO alfabeto VALUES ('G');
INSERT INTO alfabeto VALUES ('H');
INSERT INTO alfabeto VALUES ('I');
INSERT INTO alfabeto VALUES ('J');
INSERT INTO alfabeto VALUES ('K');
INSERT INTO alfabeto VALUES ('L');
INSERT INTO alfabeto VALUES ('M');
INSERT INTO alfabeto VALUES ('N');
INSERT INTO alfabeto VALUES ('O');
INSERT INTO alfabeto VALUES ('P');
INSERT INTO alfabeto VALUES ('Q');
INSERT INTO alfabeto VALUES ('R');
INSERT INTO alfabeto VALUES ('S');
INSERT INTO alfabeto VALUES ('T');
INSERT INTO alfabeto VALUES ('U');
INSERT INTO alfabeto VALUES ('V');
INSERT INTO alfabeto VALUES ('W');
INSERT INTO alfabeto VALUES ('X');
INSERT INTO alfabeto VALUES ('Y');
INSERT INTO alfabeto VALUES ('Z');
COMMIT;


-- CREATE THE numeros_0_a_9 TABLE
CREATE TABLE numeros_0_a_9
(digito    INT(1));

INSERT INTO numeros_0_a_9 VALUES (0);
INSERT INTO numeros_0_a_9 VALUES (1);
INSERT INTO numeros_0_a_9 VALUES (2);
INSERT INTO numeros_0_a_9 VALUES (3);
INSERT INTO numeros_0_a_9 VALUES (4);
INSERT INTO numeros_0_a_9 VALUES (5);
INSERT INTO numeros_0_a_9 VALUES (6);
INSERT INTO numeros_0_a_9 VALUES (7);
INSERT INTO numeros_0_a_9 VALUES (8);
INSERT INTO numeros_0_a_9 VALUES (9);
COMMIT;


CREATE TABLE dois
(numero_2         INT(2),
palavra_2            VARCHAR(15));

INSERT INTO dois VALUES (2, 'dois');
INSERT INTO dois VALUES (4, 'quatro');
INSERT INTO dois VALUES (6, 'seis');
INSERT INTO dois VALUES (8, 'oito');
INSERT INTO dois VALUES (10, 'dez');
INSERT INTO dois VALUES (12, 'doze');
INSERT INTO dois VALUES (14, 'catorze');
INSERT INTO dois VALUES (16, 'dezesseis');
INSERT INTO dois VALUES (18, 'dezoito');
INSERT INTO dois VALUES (20, 'vinte');
INSERT INTO dois VALUES (NULL, 'NULL');
COMMIT;


CREATE TABLE tres
(numero_3         INT(2),
palavra_3            VARCHAR(15));

INSERT INTO tres VALUES (3, 'tres');
INSERT INTO tres VALUES (6, 'seis');
INSERT INTO tres VALUES (9, 'nove');
INSERT INTO tres VALUES (12, 'doze');
INSERT INTO tres VALUES (15, 'quinze');
INSERT INTO tres VALUES (18, 'dezoito');
INSERT INTO tres VALUES (NULL, 'NULL');
COMMIT;


-- ****************************************************************
-- CREATE THE VIEWS THAT ARE USED THROUGHOUT THE BOOK
-- (NOT IN JUST ONE SECTION)
--        numeros_0_a_99
-- ****************************************************************

-- CREATE THE numeros_0_a_99 VIEW
CREATE OR REPLACE VIEW numeros_0_a_99 AS
SELECT (A.digito * 10) + B.digito AS N
FROM numeros_0_a_9 A,
     numeros_0_a_9 B;

-- CREATE THE numeros_0_a_99999 VIEW
CREATE OR REPLACE VIEW numeros_0_a_99999 AS
SELECT ((A.digito * 10000) + (B.digito * 1000) + (C.digito * 100) + (D.digito * 10) + E.digito) AS N
FROM numeros_0_a_9 A,
     numeros_0_a_9 B,
     numeros_0_a_9 C,     
     numeros_0_a_9 D,
     numeros_0_a_9 E;

CREATE OR REPLACE VIEW NUMBERS_1_TO_1000 AS
SELECT ((A.digito * 100) + (B.digito * 10) + C.digito + 1) AS N
FROM numeros_0_a_9 A,
     numeros_0_a_9 B,
     numeros_0_a_9 C;     
     

-- ***************************************************
-- EXTRA TABLES FOR SPECIFIC CHAPTERS
-- MOST OF THESE EXTRA TABLES ARE USED ONLY ONCE - TO DEMONSTRATE A PARTICULAR POINT.
-- THE PRIMARY KEY HAS NOT BEEN CREATED FOR THEM (PARTLY TO SAVE DISK SPACE.)
-- ALSO THE ANALYSE TABLE COMMAND HAS NOT BEEN RUN FOR THEM.
-- ***************************************************

-- ***************************************************
-- EXTRA TABLES FOR CHAPTER 2
-- ***************************************************
-- traduzido até aqui
CREATE TABLE SEC0207
(ID  DECIMAL(2,0),
A    DECIMAL(2,0),
B    DECIMAL(2,0),
C    DECIMAL(2,0));

INSERT INTO SEC0207 VALUES (1, 1, 1, 1);
INSERT INTO SEC0207 VALUES (2, 1, 1, 2);
INSERT INTO SEC0207 VALUES (3, 1, 1, 3);
INSERT INTO SEC0207 VALUES (4, 1, 1, 4);
INSERT INTO SEC0207 VALUES (5, 1, 2, 1);
INSERT INTO SEC0207 VALUES (6, 1, 2, 2);
INSERT INTO SEC0207 VALUES (7, 1, 2, 3);
INSERT INTO SEC0207 VALUES (8, 1, 2, 4);
INSERT INTO SEC0207 VALUES (9, 1, 1, 1);
INSERT INTO SEC0207 VALUES (10, 1, 1, 2);
INSERT INTO SEC0207 VALUES (11, 1, 1, 3);
INSERT INTO SEC0207 VALUES (12, 1, 1, 4);
INSERT INTO SEC0207 VALUES (13, 1, 2, 1);
INSERT INTO SEC0207 VALUES (14, 1, 2, 2);
INSERT INTO SEC0207 VALUES (15, 1, 2, 3);
INSERT INTO SEC0207 VALUES (16, 1, 2, 4);
COMMIT;


CREATE TABLE SEC0218
(A   DECIMAL(2,0),
B    DECIMAL(2,0));


INSERT INTO SEC0218 VALUES (1, 1);
INSERT INTO SEC0218 VALUES (1, 2);
INSERT INTO SEC0218 VALUES (1, 3);
INSERT INTO SEC0218 VALUES (2, 1);
INSERT INTO SEC0218 VALUES (2, 2);
INSERT INTO SEC0218 VALUES (2, 3);
INSERT INTO SEC0218 VALUES (3, 1);
INSERT INTO SEC0218 VALUES (3, 2);
INSERT INTO SEC0218 VALUES (3, 3);
COMMIT;


CREATE TABLE SEC0219
(A   DECIMAL(2,0),
B    DECIMAL(2,0),
C    DECIMAL(2,0));


INSERT INTO SEC0219 VALUES (1, 1, 1);
INSERT INTO SEC0219 VALUES (1, 1, 2);
INSERT INTO SEC0219 VALUES (1, 1, 3);
INSERT INTO SEC0219 VALUES (1, 2, 1);
INSERT INTO SEC0219 VALUES (1, 2, 2);
INSERT INTO SEC0219 VALUES (1, 2, 3);
INSERT INTO SEC0219 VALUES (1, 3, 1);
INSERT INTO SEC0219 VALUES (1, 3, 2);
INSERT INTO SEC0219 VALUES (1, 3, 3);
INSERT INTO SEC0219 VALUES (2, 1, 1);
INSERT INTO SEC0219 VALUES (2, 1, 2);
INSERT INTO SEC0219 VALUES (2, 1, 3);
INSERT INTO SEC0219 VALUES (2, 2, 1);
INSERT INTO SEC0219 VALUES (2, 2, 2);
INSERT INTO SEC0219 VALUES (2, 2, 3);
INSERT INTO SEC0219 VALUES (2, 3, 1);
INSERT INTO SEC0219 VALUES (2, 3, 2);
INSERT INTO SEC0219 VALUES (2, 3, 3);
INSERT INTO SEC0219 VALUES (3, 1, 1);
INSERT INTO SEC0219 VALUES (3, 1, 2);
INSERT INTO SEC0219 VALUES (3, 1, 3);
INSERT INTO SEC0219 VALUES (3, 2, 1);
INSERT INTO SEC0219 VALUES (3, 2, 2);
INSERT INTO SEC0219 VALUES (3, 2, 3);
INSERT INTO SEC0219 VALUES (3, 3, 1);
INSERT INTO SEC0219 VALUES (3, 3, 2);
INSERT INTO SEC0219 VALUES (3, 3, 3);
COMMIT;

-- ***************************************************
-- EXTRA TABLES FOR CHAPTER 3
-- ***************************************************

CREATE TABLE SEC0306_CONSTANTS
(EVALUATION   VARCHAR(16),
RATING        DECIMAL(2,0),
EVAL_DATE     DATE,
NEXT_EVAL     VARCHAR(6));

INSERT INTO SEC0306_CONSTANTS VALUES ('Funcionario Excelente', 10, '2011-01-01', NULL);
COMMIT;


CREATE TABLE SEC0306_preco_CONSTANTS
(MIN_preco    DECIMAL(2,0),
MAX_preco     DECIMAL(2,0));

INSERT INTO SEC0306_preco_CONSTANTS
VALUES (1, 2);
COMMIT;


CREATE TABLE SEC0313_CASE_SENSITIVITY
(ROW_ID      DECIMAL(2,0),
NAME1        VARCHAR(5),
NAME2        VARCHAR(5));

INSERT INTO SEC0313_CASE_SENSITIVITY VALUES (1, 'john', 'john');
INSERT INTO SEC0313_CASE_SENSITIVITY VALUES (2, 'John', 'John');
INSERT INTO SEC0313_CASE_SENSITIVITY VALUES (3, 'JOHN', 'JOHN');
INSERT INTO SEC0313_CASE_SENSITIVITY VALUES (4, 'john', 'JOHN');
COMMIT;


-- ***************************************************
-- EXTRA TABLES FOR CHAPTER 4
-- ***************************************************

CREATE TABLE SEC0405_SALES_STAFF AS
SELECT *
FROM funcionarios
WHERE codigo_depto = 'VEN';


CREATE TABLE SEC0405_TABLE_TO_DELETE AS
SELECT *
FROM funcionarios;


CREATE OR REPLACE VIEW SEC0406_SALES_STAFF_VIEW AS
SELECT id_funcionario,
       primeiro_nome,
       sobrenome,
       codigo_depto
FROM funcionarios
WHERE codigo_depto = 'VEN'
ORDER BY id_funcionario;


CREATE OR REPLACE VIEW SEC0406_VIEW_TO_DELETE AS
SELECT *
FROM funcionarios;


CREATE TABLE SEC0409_empregados AS
SELECT *
FROM funcionarios;


CREATE TABLE SEC0409_comidas AS
SELECT *
FROM comidas;


CREATE TABLE SEC0410_DATA1
(NUMBER_COL     INT(3),
TEXT_COL        VARCHAR(10),
DATE_COL        DATE);

INSERT INTO SEC0410_DATA1 VALUES (1, 'ONE', '2009-01-01');
INSERT INTO SEC0410_DATA1 VALUES (2, 'dois', '2009-01-02');
INSERT INTO SEC0410_DATA1 VALUES (3, 'tres', '2009-01-03');
INSERT INTO SEC0410_DATA1 VALUES (4, 'quatro', '2009-01-04');
INSERT INTO SEC0410_DATA1 VALUES (5, 'FIVE', '2009-01-05');
COMMIT;


CREATE TABLE SEC0410_DATA2
(NUMBER_COL     INT(3),
TEXT_COL        VARCHAR(10),
DATE_COL        DATE);

INSERT INTO SEC0410_DATA2 VALUES (11, 'ELEVEN', '2009-01-11');
INSERT INTO SEC0410_DATA2 VALUES (12, 'doze', '2009-01-12');
INSERT INTO SEC0410_DATA2 VALUES (13, 'THIRTEEN', '2009-01-13');
INSERT INTO SEC0410_DATA2 VALUES (14, 'catorze', '2009-01-14');
INSERT INTO SEC0410_DATA2 VALUES (15, 'quinze', '2009-01-15');
COMMIT;


CREATE TABLE SEC0410_comidas AS
SELECT *
FROM comidas;

CREATE TABLE SEC0410A_comidas AS
SELECT *
FROM comidas;

CREATE TABLE SEC0411_empregados AS
SELECT *
FROM funcionarios;


CREATE TABLE SEC0411_comidas AS
SELECT *
FROM comidas;


CREATE TABLE SEC0412_empregados AS
SELECT *
FROM funcionarios;


CREATE TABLE SEC0412_comidas AS
SELECT *
FROM comidas;


CREATE TABLE SEC0413_SUPPLIERS AS
SELECT *
FROM fornecedores;


CREATE TABLE SEC0413_comidas AS
SELECT *
FROM comidas;

CREATE TABLE SEC0414_SUPPLIERS AS
SELECT *
FROM fornecedores;


CREATE TABLE SEC0414_comidas AS
SELECT *
FROM comidas;

CREATE TABLE SEC0415_DEPARTMENTS AS
SELECT *
FROM departamentos;


CREATE TABLE SEC0415_empregados AS
SELECT *
FROM funcionarios;

-- ***************************************************
-- EXTRA TABLES FOR CHAPTER 5
-- ***************************************************

CREATE TABLE SEC0502_DEPARTMENTS AS
SELECT *
FROM departamentos;


CREATE TABLE SEC0503_CHECKING_ACCOUNTS
(C_ACCOUNT_ID      INT(4),
CUSTOMER           VARCHAR(25),
BALANCE            DECIMAL(7,2));

INSERT INTO SEC0503_CHECKING_ACCOUNTS VALUES (2741, 'BOB WILKINS', 1567.35);
INSERT INTO SEC0503_CHECKING_ACCOUNTS VALUES (3852, 'AMY JOHNSON', 357.26);
INSERT INTO SEC0503_CHECKING_ACCOUNTS VALUES (8954, 'JUDY SPENCER',6296.54);
COMMIT;


CREATE TABLE SEC0503_SAVINGS_ACCOUNTS
(S_ACCOUNT_ID      INT(4),
CUSTOMER           VARCHAR(25),
BALANCE            DECIMAL(7,2));

INSERT INTO SEC0503_SAVINGS_ACCOUNTS VALUES (5926, 'FRED BOYD', 15642.33);
INSERT INTO SEC0503_SAVINGS_ACCOUNTS VALUES (6197, 'AMY JOHNSON', 5280.25);
INSERT INTO SEC0503_SAVINGS_ACCOUNTS VALUES (5926, 'VALERIE SHAW', 35159.64);
COMMIT;


CREATE TABLE SEC0505_empregados AS
SELECT *
FROM funcionarios;


CREATE TABLE SEC0505_comidas AS
SELECT *
FROM comidas;


CREATE TABLE SEC0505B_empregados AS
SELECT *
FROM funcionarios;


CREATE TABLE SEC0506_empregados AS
SELECT *
FROM funcionarios;


CREATE TABLE SEC0506_comidas AS
SELECT *
FROM comidas;

CREATE OR REPLACE VIEW SEC0513_SHIPPING_DEPT_VIEW AS
SELECT *
FROM funcionarios
WHERE codigo_depto = 'EXP';


-- ***************************************************
-- EXTRA TABLES FOR CHAPTER 6
-- ***************************************************

CREATE TABLE SEC0607_comidas
(item_menu       INT(2),
 id_fornecedor     VARCHAR(3),
 codigo_produto    VARCHAR(2),
 DESCRIPTION     VARCHAR(20),
 preco           DECIMAL(4,2),
 preco_INCREASE  DECIMAL(4,2) );



CREATE TABLE SEC0609_empregados AS
SELECT *
FROM funcionarios;

CREATE TABLE SEC0609_comidas AS
SELECT *
FROM comidas;

CREATE TABLE SEC0610_comidas AS
SELECT *
FROM comidas;

ALTER TABLE SEC0610_comidas
-- ADD CONSTRAINT PK_SEC0610_comidas
ADD PRIMARY KEY (id_fornecedor, codigo_produto);


CREATE TABLE SEC0610B_comidas AS
SELECT *
FROM comidas;

ALTER TABLE SEC0610B_comidas
-- ADD CONSTRAINT PK_SEC0610B_comidas
ADD PRIMARY KEY (id_fornecedor, codigo_produto);


CREATE TABLE SEC0611_DEPARTMENTS AS
SELECT *
FROM departamentos;

CREATE TABLE SEC0611_comidas AS
SELECT *
FROM comidas;

CREATE TABLE SEC0612_empregados AS
SELECT *
FROM funcionarios;

CREATE TABLE SEC0612_comidas AS
SELECT *
FROM comidas;

CREATE TABLE SEC0613_empregados AS
SELECT *
FROM funcionarios;

CREATE TABLE SEC0613_comidas AS
SELECT *
FROM comidas;


-- DUPLICATE ROWS
-- WHERE THE DUPLICATES ARE DISTINCT OBJECTS
CREATE TABLE SEC0615A
(OBJECT_BOUGHT  VARCHAR(20),
preco           DECIMAL(6,2));

INSERT INTO SEC0615A VALUES ('NEWSPAPER', .75);
INSERT INTO SEC0615A VALUES ('COFFEE', 1.55);
INSERT INTO SEC0615A VALUES ('HAMBURGER', 2.00);
INSERT INTO SEC0615A VALUES ('FLOWERS', 15.38);
INSERT INTO SEC0615A VALUES ('HAMBURGER', 2.00);
INSERT INTO SEC0615A VALUES ('BOOK', 24.89);
INSERT INTO SEC0615A VALUES ('MOVIE TICKETS', 22.00);
COMMIT;


-- DUPLICATE ROWS
-- WHERE THE DUPLICATES ARE MULTIPLE REPRESENTATIONS OF THE SAME OBJECT
CREATE TABLE SEC0615B
(primeiro_nome    VARCHAR(10),
sobrenome      VARCHAR(10),
ADDRESS        VARCHAR(20));

INSERT INTO SEC0615B VALUES ('SUSAN', 'BROWN', '512 ELM STREET'); 
INSERT INTO SEC0615B VALUES ('JIM', 'KERN', '837-9TH AVENUE'); 
INSERT INTO SEC0615B VALUES ('MARTHA', 'WOODS', '169 PARK AVENUE'); 
INSERT INTO SEC0615B VALUES ('SUSAN', 'BROWN', '512 ELM STREET'); 
INSERT INTO SEC0615B VALUES ('ELLEN', 'OWENS', '418 HENRY STREET'); 
COMMIT;


CREATE TABLE SEC0616_DUPLICATE_ROWS
(NUM_COL    DECIMAL(2,0),
WORD_COL    VARCHAR(10));

INSERT INTO SEC0616_DUPLICATE_ROWS VALUES (1, 'ONE'); 
INSERT INTO SEC0616_DUPLICATE_ROWS VALUES (1, 'ONE'); 
INSERT INTO SEC0616_DUPLICATE_ROWS VALUES (1, 'ONE'); 
INSERT INTO SEC0616_DUPLICATE_ROWS VALUES (2, 'dois'); 
INSERT INTO SEC0616_DUPLICATE_ROWS VALUES (2, 'dois'); 
INSERT INTO SEC0616_DUPLICATE_ROWS VALUES (2, 'dois'); 
INSERT INTO SEC0616_DUPLICATE_ROWS VALUES (2, 'dois'); 
INSERT INTO SEC0616_DUPLICATE_ROWS VALUES (3, 'tres'); 
INSERT INTO SEC0616_DUPLICATE_ROWS VALUES (3, 'tres'); 
COMMIT;


CREATE TABLE SEC0617_DUPLICATE_ROWS AS
SELECT *
FROM SEC0616_DUPLICATE_ROWS;


CREATE TABLE SEC0617A
(OBJECT_BOUGHT  VARCHAR(20),
preco           DECIMAL(6,2),
DATE_PURCHASED  DATE);

INSERT INTO SEC0617A VALUES ('NEWSPAPER', 0.75, '2010-06-14');
INSERT INTO SEC0617A VALUES ('COFFEE', 1.55, '2010-06-14');
INSERT INTO SEC0617A VALUES ('HAMBURGER', 2.00, '2010-06-14');
INSERT INTO SEC0617A VALUES ('FLOWERS', 15.38, '2010-06-14');
INSERT INTO SEC0617A VALUES ('HAMBURGER', 2.00, '2010-06-15');
INSERT INTO SEC0617A VALUES ('BOOK', 24.89, '2010-06-15');
INSERT INTO SEC0617A VALUES ('MOVIE TICKETS', 22.00, '2010-06-15');
COMMIT;
 
 
-- ***************************************************
-- EXTRA TABLES FOR CHAPTER 7
-- ***************************************************

CREATE TABLE SEC0703_empregados AS
SELECT *
FROM funcionarios;


CREATE TABLE SEC0703_LUNCHES AS
SELECT *
FROM almocos;


CREATE TABLE SEC0705_empregados AS
SELECT *
FROM funcionarios;

CREATE SEQUENCE SEC0706_SEQ_id_almoco 
START WITH 23
INCREMENT BY 1;


CREATE TABLE SEC0707_LUNCHES AS
SELECT *
FROM almocos;

CREATE SEQUENCE SEC0707_SEQ_id_almoco 
START WITH 23
INCREMENT BY 1;


CREATE SEQUENCE SEQ_SEC0707
START WITH 28
INCREMENT BY 1;


CREATE TABLE SEC0707_SEQUENCE AS
SELECT *
FROM numeros_0_a_99
WHERE N > 10 
  AND N < 14;
 
SELECT * FROM SEC0707_SEQUENCE;

-- Valor verificar
-- insert into sec0707_sequence
-- values (seq_sec0707.nextval);
 insert into sec0707_sequence (N) values (14);

CREATE TABLE SEC0708_DEPARTMENTS AS
SELECT *
FROM departamentos;


CREATE TABLE SEC0708_SUPPLIERS AS
SELECT *
FROM fornecedores;


CREATE TABLE SEC0709_empregados AS
SELECT *
FROM funcionarios;

CREATE TABLE SEC0709_DEPARTMENTS AS
SELECT *
FROM departamentos;


-- ***************************************************
-- EXTRA TABLES FOR CHAPTER 8
-- ***************************************************

CREATE TABLE SEC0802_empregados AS
SELECT *
FROM funcionarios;


CREATE TABLE SEC0802_comidas AS
SELECT *
FROM comidas;


CREATE TABLE SEC0803_DEPARTMENTS AS
SELECT *
FROM departamentos;


CREATE TABLE SEC0803_empregados AS
SELECT *
FROM funcionarios;

CREATE TABLE SEC0803B_empregados AS
SELECT *
FROM funcionarios;


CREATE TABLE SEC0804_empregados AS
SELECT *
FROM funcionarios;


CREATE TABLE SEC0804_LUNCHES AS
SELECT *
FROM almocos;


CREATE TABLE SEC0805_DEPARTMENTS AS
SELECT *
FROM departamentos;


CREATE TABLE SEC0805_empregados AS
SELECT *
FROM funcionarios;


CREATE TABLE SEC0808_STATES
(STATE_CODE    VARCHAR(2),
STATE_NAME     VARCHAR(30),
STATE_CAPITAL  VARCHAR(30));

ALTER TABLE SEC0808_STATES
-- ADD CONSTRAINT PK_SEC0808_STATES
ADD PRIMARY KEY (STATE_CODE);

INSERT INTO SEC0808_STATES VALUES ('CA', 'CALIFORNIA', 'SACRAMENTO');
INSERT INTO SEC0808_STATES VALUES ('OR', 'OREGON', 'SALEM');
INSERT INTO SEC0808_STATES VALUES ('WA', 'WASHINGTON', 'OLYMPIA');
COMMIT;

CREATE TABLE SEC0808_CLIENTS
(CLIENT_ID    INT(4),
CLIENT_NAME   VARCHAR(30),
STATE_CODE    VARCHAR(2));

ALTER TABLE SEC0808_CLIENTS
-- ADD CONSTRAINT PK_SEC0808_CLIENTS
ADD PRIMARY KEY (CLIENT_ID);


INSERT INTO SEC0808_CLIENTS VALUES (100, 'LARRY COHEN', 'CA');
INSERT INTO SEC0808_CLIENTS VALUES (200, 'ALICE WILLIAMS', 'CA');
INSERT INTO SEC0808_CLIENTS VALUES (300, 'ROGER WOLF', 'OR');
INSERT INTO SEC0808_CLIENTS VALUES (400, 'NANCY KERN', 'OR');
INSERT INTO SEC0808_CLIENTS VALUES (500, 'CATHY LEE', 'WA');
INSERT INTO SEC0808_CLIENTS VALUES (600, 'STEVEN LAKE', 'WA');
COMMIT;


CREATE TABLE SEC0808_DEPARTMENTS AS
SELECT *
FROM departamentos;

ALTER TABLE SEC0808_DEPARTMENTS
-- ADD CONSTRAINT PK_SEC0808_DEPARTMENTS
ADD PRIMARY KEY (codigo_depto);

CREATE TABLE SEC0808_empregados AS
SELECT *
FROM funcionarios;

ALTER TABLE SEC0808_empregados
-- ADD CONSTRAINT PK_SEC0808_empregados
ADD PRIMARY KEY (id_funcionario);


CREATE TABLE SEC0809_STATES
(STATE_CODE    VARCHAR(2),
STATE_NAME     VARCHAR(30),
STATE_CAPITAL  VARCHAR(30));

ALTER TABLE SEC0809_STATES
-- ADD CONSTRAINT PK_SEC0809_STATES
ADD PRIMARY KEY (STATE_CODE);

INSERT INTO SEC0809_STATES VALUES ('CA', 'CALIFORNIA', 'SACRAMENTO');
INSERT INTO SEC0809_STATES VALUES ('OR', 'OREGON', 'SALEM');
INSERT INTO SEC0809_STATES VALUES ('WA', 'WASHINGTON', 'OLYMPIA');
COMMIT;

CREATE TABLE SEC0809_CLIENTS
(CLIENT_ID    INT(4),
CLIENT_NAME   VARCHAR(30),
STATE_CODE    VARCHAR(2));

ALTER TABLE SEC0809_CLIENTS
-- ADD CONSTRAINT PK_SEC0809_CLIENTS
ADD PRIMARY KEY (CLIENT_ID);

INSERT INTO SEC0809_CLIENTS VALUES (100, 'LARRY COHEN', 'CA');
INSERT INTO SEC0809_CLIENTS VALUES (200, 'ALICE WILLIAMS', 'CA');
INSERT INTO SEC0809_CLIENTS VALUES (300, 'ROGER WOLF', 'OR');
INSERT INTO SEC0809_CLIENTS VALUES (400, 'NANCY KERN', 'OR');
INSERT INTO SEC0809_CLIENTS VALUES (500, 'CATHY LEE', 'WA');
INSERT INTO SEC0809_CLIENTS VALUES (600, 'STEVEN LAKE', 'WA');
COMMIT;

ALTER TABLE SEC0809_CLIENTS
ADD CONSTRAINT FK_SEC0809_CLIENTS_STATE_CODE
FOREIGN KEY (STATE_CODE)
   REFERENCES SEC0809_STATES (STATE_CODE);

   
CREATE TABLE SEC0809_DEPARTMENTS AS
SELECT *
FROM departamentos;

ALTER TABLE SEC0809_DEPARTMENTS
-- ADD CONSTRAINT PK_SEC0809_DEPARTMENTS
ADD PRIMARY KEY (codigo_depto);

CREATE TABLE SEC0809_empregados AS
SELECT *
FROM funcionarios;

ALTER TABLE SEC0809_empregados
-- ADD CONSTRAINT PK_SEC0809_empregados
ADD PRIMARY KEY (id_funcionario);

ALTER TABLE SEC0809_empregados
ADD CONSTRAINT FK_SEC0809_EMP_codigo_depto
FOREIGN KEY (codigo_depto)
REFERENCES SEC0809_DEPARTMENTS (codigo_depto);


CREATE TABLE SEC0810_STATES
(STATE_CODE    VARCHAR(2),
STATE_NAME     VARCHAR(30),
STATE_CAPITAL  VARCHAR(30));

ALTER TABLE SEC0810_STATES
-- ADD CONSTRAINT PK_SEC0810_STATES
ADD PRIMARY KEY (STATE_CODE);

INSERT INTO SEC0810_STATES VALUES ('CA', 'CALIFORNIA', 'SACRAMENTO');
INSERT INTO SEC0810_STATES VALUES ('OR', 'OREGON', 'SALEM');
INSERT INTO SEC0810_STATES VALUES ('WA', 'WASHINGTON', 'OLYMPIA');
COMMIT;

CREATE TABLE SEC0810_CLIENTS
(CLIENT_ID    INT(4),
CLIENT_NAME   VARCHAR(30),
STATE_CODE    VARCHAR(2));

ALTER TABLE SEC0810_CLIENTS
-- ADD CONSTRAINT PK_SEC0810_CLIENTS
ADD PRIMARY KEY (CLIENT_ID);

INSERT INTO SEC0810_CLIENTS VALUES (100, 'LARRY COHEN', 'CA');
INSERT INTO SEC0810_CLIENTS VALUES (200, 'ALICE WILLIAMS', 'CA');
INSERT INTO SEC0810_CLIENTS VALUES (300, 'ROGER WOLF', 'OR');
INSERT INTO SEC0810_CLIENTS VALUES (400, 'NANCY KERN', 'OR');
INSERT INTO SEC0810_CLIENTS VALUES (500, 'CATHY LEE', 'WA');
INSERT INTO SEC0810_CLIENTS VALUES (600, 'STEVEN LAKE', 'WA');
COMMIT;

ALTER TABLE SEC0810_CLIENTS
ADD CONSTRAINT FK_SEC0810_CLIENTS_STATES
FOREIGN KEY (STATE_CODE)
   REFERENCES SEC0810_STATES (STATE_CODE);
   

CREATE TABLE SEC0810_DEPARTMENTS AS
SELECT *
FROM departamentos;

ALTER TABLE SEC0810_DEPARTMENTS
-- ADD CONSTRAINT PK_SEC0810_DEPARTMENTS
ADD PRIMARY KEY (codigo_depto);

CREATE TABLE SEC0810_empregados AS
SELECT *
FROM funcionarios;

ALTER TABLE SEC0810_empregados
-- ADD CONSTRAINT PK_SEC0810_empregados
ADD PRIMARY KEY (id_funcionario);

ALTER TABLE SEC0810_empregados
ADD CONSTRAINT FK_SEC0810_EMP_codigo_depto
FOREIGN KEY (codigo_depto)
REFERENCES SEC0810_DEPARTMENTS (codigo_depto);


CREATE TABLE SEC0811_STATES
(STATE_CODE    VARCHAR(2),
STATE_NAME     VARCHAR(30),
STATE_CAPITAL  VARCHAR(30));

ALTER TABLE SEC0811_STATES
-- ADD CONSTRAINT PK_SEC0811_STATES
ADD PRIMARY KEY (STATE_CODE);

INSERT INTO SEC0811_STATES VALUES ('CA', 'CALIFORNIA', 'SACRAMENTO');
INSERT INTO SEC0811_STATES VALUES ('OR', 'OREGON', 'SALEM');
INSERT INTO SEC0811_STATES VALUES ('WA', 'WASHINGTON', 'OLYMPIA');
COMMIT;

CREATE TABLE SEC0811_CLIENTS
(CLIENT_ID    INT(4),
CLIENT_NAME   VARCHAR(30),
STATE_CODE    VARCHAR(2));

ALTER TABLE SEC0811_CLIENTS
-- ADD CONSTRAINT PK_SEC0811_CLIENTS
ADD PRIMARY KEY (CLIENT_ID);

INSERT INTO SEC0811_CLIENTS VALUES (100, 'LARRY COHEN', 'CA');
INSERT INTO SEC0811_CLIENTS VALUES (200, 'ALICE WILLIAMS', 'CA');
INSERT INTO SEC0811_CLIENTS VALUES (300, 'ROGER WOLF', 'OR');
INSERT INTO SEC0811_CLIENTS VALUES (400, 'NANCY KERN', 'OR');
INSERT INTO SEC0811_CLIENTS VALUES (500, 'CATHY LEE', 'WA');
INSERT INTO SEC0811_CLIENTS VALUES (600, 'STEVEN LAKE', 'WA');
COMMIT;

ALTER TABLE SEC0811_CLIENTS
ADD CONSTRAINT FK_SEC0811_CLIENTS_STATES
FOREIGN KEY (STATE_CODE)
   REFERENCES SEC0811_STATES (STATE_CODE);

   
CREATE TABLE SEC0811_DEPARTMENTS AS
SELECT *
FROM departamentos;

ALTER TABLE SEC0811_DEPARTMENTS
-- ADD CONSTRAINT PK_SEC0811_DEPARTMENTS
ADD PRIMARY KEY (codigo_depto);

CREATE TABLE SEC0811_empregados AS
SELECT *
FROM funcionarios;

ALTER TABLE SEC0811_empregados
-- ADD CONSTRAINT PK_SEC0811_empregados
ADD PRIMARY KEY (id_funcionario);

ALTER TABLE SEC0811_empregados
ADD CONSTRAINT FK_SEC0811_EMP_codigo_depto
FOREIGN KEY (codigo_depto)
REFERENCES SEC0811_DEPARTMENTS (codigo_depto);


CREATE TABLE SEC0812_STATES
(STATE_CODE    VARCHAR(2),
STATE_NAME     VARCHAR(30),
STATE_CAPITAL  VARCHAR(30));

ALTER TABLE SEC0812_STATES
-- ADD CONSTRAINT PK_SEC0812_STATES
ADD PRIMARY KEY (STATE_CODE);

INSERT INTO SEC0812_STATES VALUES ('CA', 'CALIFORNIA', 'SACRAMENTO');
INSERT INTO SEC0812_STATES VALUES ('OR', 'OREGON', 'SALEM');
INSERT INTO SEC0812_STATES VALUES ('WA', 'WASHINGTON', 'OLYMPIA');
COMMIT;

CREATE TABLE SEC0812_CLIENTS
(CLIENT_ID    INT(4),
CLIENT_NAME   VARCHAR(30),
STATE_CODE    VARCHAR(2));

ALTER TABLE SEC0812_CLIENTS
-- ADD CONSTRAINT PK_SEC0812_CLIENTS
ADD PRIMARY KEY (CLIENT_ID);

INSERT INTO SEC0812_CLIENTS VALUES (100, 'LARRY COHEN', 'CA');
INSERT INTO SEC0812_CLIENTS VALUES (200, 'ALICE WILLIAMS', 'CA');
INSERT INTO SEC0812_CLIENTS VALUES (300, 'ROGER WOLF', 'OR');
INSERT INTO SEC0812_CLIENTS VALUES (400, 'NANCY KERN', 'OR');
INSERT INTO SEC0812_CLIENTS VALUES (500, 'CATHY LEE', 'WA');
INSERT INTO SEC0812_CLIENTS VALUES (600, 'STEVEN LAKE', 'WA');
COMMIT;

ALTER TABLE SEC0812_CLIENTS
ADD CONSTRAINT FK_SEC0812_CLIENTS_STATES
FOREIGN KEY (STATE_CODE)
   REFERENCES SEC0812_STATES (STATE_CODE);


CREATE TABLE SEC0812_DEPARTMENTS AS
SELECT *
FROM departamentos;

ALTER TABLE SEC0812_DEPARTMENTS
-- ADD CONSTRAINT PK_SEC0812_DEPARTMENTS
ADD PRIMARY KEY (codigo_depto);

CREATE TABLE SEC0812_empregados AS
SELECT *
FROM funcionarios;

ALTER TABLE SEC0812_empregados
-- ADD CONSTRAINT PK_SEC0812_empregados
ADD PRIMARY KEY (id_funcionario);

ALTER TABLE SEC0812_empregados
ADD CONSTRAINT FK_SEC0812_EMP_codigo_depto
FOREIGN KEY (codigo_depto)
REFERENCES SEC0812_DEPARTMENTS (codigo_depto);


CREATE TABLE SEC0813_STATES
(STATE_CODE    VARCHAR(2),
STATE_NAME     VARCHAR(30),
STATE_CAPITAL  VARCHAR(30));

ALTER TABLE SEC0813_STATES
-- ADD CONSTRAINT PK_SEC0813_STATES
ADD PRIMARY KEY (STATE_CODE);

INSERT INTO SEC0813_STATES VALUES ('CA', 'CALIFORNIA', 'SACRAMENTO');
INSERT INTO SEC0813_STATES VALUES ('OR', 'OREGON', 'SALEM');
INSERT INTO SEC0813_STATES VALUES ('WA', 'WASHINGTON', 'OLYMPIA');
COMMIT;

CREATE TABLE SEC0813_CLIENTS
(CLIENT_ID    INT(4),
CLIENT_NAME   VARCHAR(30),
STATE_CODE    VARCHAR(2));

ALTER TABLE SEC0813_CLIENTS
-- ADD CONSTRAINT PK_SEC0813_CLIENTS
ADD PRIMARY KEY (CLIENT_ID);

INSERT INTO SEC0813_CLIENTS VALUES (100, 'LARRY COHEN', 'CA');
INSERT INTO SEC0813_CLIENTS VALUES (200, 'ALICE WILLIAMS', 'CA');
INSERT INTO SEC0813_CLIENTS VALUES (300, 'ROGER WOLF', 'OR');
INSERT INTO SEC0813_CLIENTS VALUES (400, 'NANCY KERN', 'OR');
INSERT INTO SEC0813_CLIENTS VALUES (500, 'CATHY LEE', 'WA');
INSERT INTO SEC0813_CLIENTS VALUES (600, 'STEVEN LAKE', 'WA');
COMMIT;

ALTER TABLE SEC0813_CLIENTS
ADD CONSTRAINT FK_SEC0813_CLIENTS_STATES
FOREIGN KEY (STATE_CODE)
   REFERENCES SEC0813_STATES (STATE_CODE);


CREATE TABLE SEC0813_DEPARTMENTS AS
SELECT *
FROM departamentos;

ALTER TABLE SEC0813_DEPARTMENTS
-- ADD CONSTRAINT PK_SEC0813_DEPARTMENTS
ADD PRIMARY KEY (codigo_depto);

CREATE TABLE SEC0813_empregados AS
SELECT *
FROM funcionarios;

ALTER TABLE SEC0813_empregados
-- ADD CONSTRAINT PK_SEC0813_empregados
ADD PRIMARY KEY (id_funcionario); 

ALTER TABLE SEC0813_empregados
ADD CONSTRAINT FK_SEC0813_EMP_codigo_depto
FOREIGN KEY (codigo_depto)
REFERENCES SEC0813_DEPARTMENTS (codigo_depto);


CREATE TABLE SEC0815_STATES
(STATE_CODE    VARCHAR(2),
STATE_NAME     VARCHAR(30),
STATE_CAPITAL  VARCHAR(30));

ALTER TABLE SEC0815_STATES
-- ADD CONSTRAINT PK_SEC0815_STATES
ADD PRIMARY KEY (STATE_CODE);

INSERT INTO SEC0815_STATES VALUES ('CA', 'CALIFORNIA', 'SACRAMENTO');
INSERT INTO SEC0815_STATES VALUES ('OR', 'OREGON', 'SALEM');
INSERT INTO SEC0815_STATES VALUES ('WA', 'WASHINGTON', 'OLYMPIA');
COMMIT;

CREATE TABLE SEC0815_CLIENTS
(CLIENT_ID    INT(4),
CLIENT_NAME   VARCHAR(30),
STATE_CODE    VARCHAR(2));

ALTER TABLE SEC0815_CLIENTS
-- ADD CONSTRAINT PK_SEC0815_CLIENTS
ADD PRIMARY KEY (CLIENT_ID);

INSERT INTO SEC0815_CLIENTS VALUES (100, 'LARRY COHEN', 'CA');
INSERT INTO SEC0815_CLIENTS VALUES (200, 'ALICE WILLIAMS', 'CA');
INSERT INTO SEC0815_CLIENTS VALUES (300, 'ROGER WOLF', 'OR');
INSERT INTO SEC0815_CLIENTS VALUES (400, 'NANCY KERN', 'OR');
INSERT INTO SEC0815_CLIENTS VALUES (500, 'CATHY LEE', 'WA');
INSERT INTO SEC0815_CLIENTS VALUES (600, 'STEVEN LAKE', 'WA');
COMMIT;


CREATE TABLE SEC0815_DEPARTMENTS AS
SELECT *
FROM departamentos;

ALTER TABLE SEC0815_DEPARTMENTS
-- ADD CONSTRAINT PK_SEC0815_DEPARTMENTS
ADD PRIMARY KEY (codigo_depto);

CREATE TABLE SEC0815_empregados AS
SELECT *
FROM funcionarios;

ALTER TABLE SEC0815_empregados
-- ADD CONSTRAINT PK_SEC0815_empregados
ADD PRIMARY KEY (id_funcionario); 

ALTER TABLE SEC0815_empregados
ADD CONSTRAINT FK_SEC0815_EMP_codigo_depto
FOREIGN KEY (codigo_depto)
REFERENCES SEC0815_DEPARTMENTS (codigo_depto);


CREATE TABLE SEC0817_STATES
(STATE_CODE    VARCHAR(2),
STATE_NAME     VARCHAR(30),
STATE_CAPITAL  VARCHAR(30));

ALTER TABLE SEC0817_STATES
-- ADD CONSTRAINT PK_SEC0817_STATES
ADD PRIMARY KEY (STATE_CODE);

INSERT INTO SEC0817_STATES VALUES ('CA', 'CALIFORNIA', 'SACRAMENTO');
INSERT INTO SEC0817_STATES VALUES ('OR', 'OREGON', 'SALEM');
INSERT INTO SEC0817_STATES VALUES ('WA', 'WASHINGTON', 'OLYMPIA');
COMMIT;

CREATE TABLE SEC0817_CLIENTS
(CLIENT_ID    INT(4),
CLIENT_NAME   VARCHAR(30),
STATE_CODE    VARCHAR(2));

ALTER TABLE SEC0817_CLIENTS
-- ADD CONSTRAINT PK_SEC0817_CLIENTS
ADD PRIMARY KEY (CLIENT_ID);

INSERT INTO SEC0817_CLIENTS VALUES (100, 'LARRY COHEN', 'CA');
INSERT INTO SEC0817_CLIENTS VALUES (200, 'ALICE WILLIAMS', 'CA');
INSERT INTO SEC0817_CLIENTS VALUES (300, 'ROGER WOLF', 'OR');
INSERT INTO SEC0817_CLIENTS VALUES (400, 'NANCY KERN', 'OR');
INSERT INTO SEC0817_CLIENTS VALUES (500, 'CATHY LEE', 'WA');
INSERT INTO SEC0817_CLIENTS VALUES (600, 'STEVEN LAKE', 'WA');
COMMIT;


CREATE TABLE SEC0817_DEPARTMENTS AS
SELECT *
FROM departamentos;

ALTER TABLE SEC0817_DEPARTMENTS
-- ADD CONSTRAINT PK_SEC0817_DEPARTMENTS
ADD PRIMARY KEY (codigo_depto);

CREATE TABLE SEC0817_empregados AS
SELECT *
FROM funcionarios;

ALTER TABLE SEC0817_empregados
-- ADD CONSTRAINT PK_SEC0817_empregados
ADD PRIMARY KEY (id_funcionario);  

CREATE TABLE SEC0818_STATES
(STATE_CODE    VARCHAR(2),
STATE_NAME     VARCHAR(30),
STATE_CAPITAL  VARCHAR(30));

ALTER TABLE SEC0818_STATES
-- ADD CONSTRAINT PK_SEC0818_STATES
ADD PRIMARY KEY (STATE_CODE);

INSERT INTO SEC0818_STATES VALUES ('CA', 'CALIFORNIA', 'SACRAMENTO');
INSERT INTO SEC0818_STATES VALUES ('OR', 'OREGON', 'SALEM');
INSERT INTO SEC0818_STATES VALUES ('WA', 'WASHINGTON', 'OLYMPIA');
COMMIT;

CREATE TABLE SEC0818_CLIENTS
(CLIENT_ID    INT(4),
CLIENT_NAME   VARCHAR(30),
STATE_CODE    VARCHAR(2));

ALTER TABLE SEC0818_CLIENTS
-- ADD CONSTRAINT PK_SEC0818_CLIENTS
ADD PRIMARY KEY (CLIENT_ID);

INSERT INTO SEC0818_CLIENTS VALUES (100, 'LARRY COHEN', 'CA');
INSERT INTO SEC0818_CLIENTS VALUES (200, 'ALICE WILLIAMS', 'CA');
INSERT INTO SEC0818_CLIENTS VALUES (300, 'ROGER WOLF', 'OR');
INSERT INTO SEC0818_CLIENTS VALUES (400, 'NANCY KERN', 'OR');
INSERT INTO SEC0818_CLIENTS VALUES (500, 'CATHY LEE', 'WA');
INSERT INTO SEC0818_CLIENTS VALUES (600, 'STEVEN LAKE', 'WA');
COMMIT;


CREATE TABLE SEC0818_DEPARTMENTS AS
SELECT *
FROM departamentos;

ALTER TABLE SEC0818_DEPARTMENTS
-- ADD CONSTRAINT PK_SEC0818_DEPARTMENTS
ADD PRIMARY KEY (codigo_depto);

CREATE TABLE SEC0818_empregados AS
SELECT *
FROM funcionarios;

ALTER TABLE SEC0818_empregados
-- ADD CONSTRAINT PK_SEC0818_empregados
ADD PRIMARY KEY (id_funcionario);   


CREATE TABLE SEC0819_STATES
(STATE_CODE    VARCHAR(2),
STATE_NAME     VARCHAR(30),
STATE_CAPITAL  VARCHAR(30));

ALTER TABLE SEC0819_STATES
-- ADD CONSTRAINT PK_SEC0819_STATES
ADD PRIMARY KEY (STATE_CODE);

INSERT INTO SEC0819_STATES VALUES ('CA', 'CALIFORNIA', 'SACRAMENTO');
INSERT INTO SEC0819_STATES VALUES ('OR', 'OREGON', 'SALEM');
INSERT INTO SEC0819_STATES VALUES ('WA', 'WASHINGTON', 'OLYMPIA');
COMMIT;

CREATE TABLE SEC0819_CLIENTS
(CLIENT_ID    INT(4),
CLIENT_NAME   VARCHAR(30),
STATE_CODE    VARCHAR(2));

ALTER TABLE SEC0819_CLIENTS
-- ADD CONSTRAINT PK_SEC0819_CLIENTS
ADD PRIMARY KEY (CLIENT_ID);

INSERT INTO SEC0819_CLIENTS VALUES (100, 'LARRY COHEN', 'CA');
INSERT INTO SEC0819_CLIENTS VALUES (200, 'ALICE WILLIAMS', 'CA');
INSERT INTO SEC0819_CLIENTS VALUES (300, 'ROGER WOLF', 'OR');
INSERT INTO SEC0819_CLIENTS VALUES (400, 'NANCY KERN', 'OR');
INSERT INTO SEC0819_CLIENTS VALUES (500, 'CATHY LEE', 'WA');
INSERT INTO SEC0819_CLIENTS VALUES (600, 'STEVEN LAKE', 'WA');
COMMIT;


CREATE TABLE SEC0819_DEPARTMENTS AS
SELECT *
FROM departamentos;

ALTER TABLE SEC0819_DEPARTMENTS
-- ADD CONSTRAINT PK_SEC0819_DEPARTMENTS
ADD PRIMARY KEY (codigo_depto);

CREATE TABLE SEC0819_empregados AS
SELECT *
FROM funcionarios;

ALTER TABLE SEC0819_empregados
-- ADD CONSTRAINT PK_SEC0819_empregados
ADD PRIMARY KEY (id_funcionario);   

ALTER TABLE SEC0819_empregados
ADD CONSTRAINT FK_SEC0819_EMP_codigo_depto
FOREIGN KEY (codigo_depto)
REFERENCES SEC0819_DEPARTMENTS (codigo_depto);


CREATE TABLE SEC0820_STATES
(STATE_CODE    VARCHAR(2),
STATE_NAME     VARCHAR(30),
STATE_CAPITAL  VARCHAR(30));

ALTER TABLE SEC0820_STATES
-- ADD CONSTRAINT PK_SEC0820_STATES
ADD PRIMARY KEY (STATE_CODE);

INSERT INTO SEC0820_STATES VALUES ('CA', 'CALIFORNIA', 'SACRAMENTO');
INSERT INTO SEC0820_STATES VALUES ('OR', 'OREGON', 'SALEM');
INSERT INTO SEC0820_STATES VALUES ('WA', 'WASHINGTON', 'OLYMPIA');
COMMIT;

CREATE TABLE SEC0820_CLIENTS
(CLIENT_ID    INT(4),
CLIENT_NAME   VARCHAR(30),
STATE_CAPITAL VARCHAR(30));

ALTER TABLE SEC0820_CLIENTS
-- ADD CONSTRAINT PK_SEC0820_CLIENTS
ADD PRIMARY KEY (CLIENT_ID);

INSERT INTO SEC0820_CLIENTS VALUES (100, 'LARRY COHEN', 'SACRAMENTO');
INSERT INTO SEC0820_CLIENTS VALUES (200, 'ALICE WILLIAMS', 'SACRAMENTO');
INSERT INTO SEC0820_CLIENTS VALUES (300, 'ROGER WOLF', 'SALEM');
INSERT INTO SEC0820_CLIENTS VALUES (400, 'NANCY KERN', 'SALEM');
INSERT INTO SEC0820_CLIENTS VALUES (500, 'CATHY LEE', 'OLYMPIA');
INSERT INTO SEC0820_CLIENTS VALUES (600, 'STEVEN LAKE', 'OLYMPIA');
COMMIT;

CREATE TABLE SEC0821_LUNCH_ITEMS AS
SELECT *
FROM itens_almoco;

CREATE TABLE SEC0821_comidas AS
SELECT *
FROM comidas;

ALTER TABLE SEC0821_comidas
-- ADD CONSTRAINT PK_SEC0821_comidas
ADD PRIMARY KEY (id_fornecedor, codigo_produto);

CREATE TABLE SEC0822_empregados AS
SELECT *
FROM funcionarios;

ALTER TABLE SEC0822_empregados
-- ADD CONSTRAINT PK_SEC0822_empregados
ADD PRIMARY KEY (id_funcionario);

CREATE TABLE SEC0823A_DEPARTMENTS AS
SELECT *
FROM departamentos;

ALTER TABLE SEC0823A_DEPARTMENTS
-- ADD CONSTRAINT PK_SEC0823A_DEPARTMENTS
ADD PRIMARY KEY (codigo_depto);

CREATE TABLE SEC0823B_DEPARTMENTS AS
SELECT *
FROM departamentos;

ALTER TABLE SEC0823B_DEPARTMENTS
-- ADD CONSTRAINT PK_SEC0823B_DEPARTMENTS
ADD PRIMARY KEY (codigo_depto);


-- ***************************************************
-- EXTRA TABLES FOR CHAPTER 9
-- ***************************************************

CREATE TABLE SEC0908_TEST_NUMBERS AS
SELECT N - 10 AS N
FROM numeros_0_a_99
WHERE N < 21;


CREATE TABLE SEC0911_FULL_NAME
(FULL_NAME   VARCHAR(30));

INSERT INTO SEC0911_FULL_NAME VALUES ('SUSAN BROWN');
INSERT INTO SEC0911_FULL_NAME VALUES ('JIM KERN');
INSERT INTO SEC0911_FULL_NAME VALUES ('MARTHA WOODS');
INSERT INTO SEC0911_FULL_NAME VALUES ('ELLEN OWENS');
INSERT INTO SEC0911_FULL_NAME VALUES ('HENRY PERKINS');
INSERT INTO SEC0911_FULL_NAME VALUES ('CAROL ROSE');
INSERT INTO SEC0911_FULL_NAME VALUES ('DAN SMITH');
INSERT INTO SEC0911_FULL_NAME VALUES ('FRED CAMPBELL');
INSERT INTO SEC0911_FULL_NAME VALUES ('PAULA JACOBS');
INSERT INTO SEC0911_FULL_NAME VALUES ('NANCY HOFFMAN');
COMMIT;


CREATE TABLE SEC0911_NAMES
(FULL_NAME    VARCHAR(30));

INSERT INTO SEC0911_NAMES VALUES ('PATRICK, JOHN J.');
INSERT INTO SEC0911_NAMES VALUES ('BROWN, SUSAN V.');
INSERT INTO SEC0911_NAMES VALUES ('LI, HENRY K.');
INSERT INTO SEC0911_NAMES VALUES ('WILLIAMS, MARY B.');
COMMIT;


CREATE TABLE SEC0912_numero_telefoneS
(numero_telefone    VARCHAR(30));

INSERT INTO SEC0912_numero_telefoneS VALUES ('(415) 627-1445');
INSERT INTO SEC0912_numero_telefoneS VALUES ('(608) 234-5678');
INSERT INTO SEC0912_numero_telefoneS VALUES ('(510) 723-0857');
INSERT INTO SEC0912_numero_telefoneS VALUES ('(362) 942-1783');
COMMIT;


-- ***************************************************
-- EXTRA TABLES FOR CHAPTER 10
-- ***************************************************

CREATE TABLE SEC1003
(PKEY        VARCHAR(5),
NUM_COL      INT(4),
TEXT_COL     VARCHAR(8),
DATE_COL     DATE);

INSERT INTO SEC1003 VALUES ('A', 1, 'M', NULL);
INSERT INTO SEC1003 VALUES ('B', 2, NULL, '2013-01-20');
INSERT INTO SEC1003 VALUES ('C', NULL, 'N', '2013-01-21');
COMMIT;


CREATE TABLE SEC1004
(PKEY            VARCHAR(4),
TEXT_1           VARCHAR(6),
TEXT_2           VARCHAR(6));

INSERT INTO SEC1004 VALUES ('A', '8', '4');
INSERT INTO SEC1004 VALUES ('B', '33', '11');
COMMIT;


-- ***************************************************
-- EXTRA TABLES FOR CHAPTER 11
-- ***************************************************

CREATE TABLE SEC1103
(ROW_ID   DECIMAL(2,0),
NUM_1     DECIMAL(2,0),
NUM_2     DECIMAL(2,0));

INSERT INTO SEC1103 VALUES (1, NULL, 1);
INSERT INTO SEC1103 VALUES (2, 1, 2);
INSERT INTO SEC1103 VALUES (3, 2, 3);
INSERT INTO SEC1103 VALUES (4, 3, 4);
INSERT INTO SEC1103 VALUES (5, NULL, 5);
INSERT INTO SEC1103 VALUES (6, 1, NULL);
INSERT INTO SEC1103 VALUES (7, 2, 1);
INSERT INTO SEC1103 VALUES (8, 3, 2);
INSERT INTO SEC1103 VALUES (9, 4, 3);
INSERT INTO SEC1103 VALUES (10, NULL, 4);
INSERT INTO SEC1103 VALUES (11, 1, 5);
INSERT INTO SEC1103 VALUES (12, 2, NULL);
INSERT INTO SEC1103 VALUES (13, 3, 1);
INSERT INTO SEC1103 VALUES (14, 4, 2);
INSERT INTO SEC1103 VALUES (15, NULL, 3);
COMMIT;


CREATE TABLE SEC1105 AS
SELECT *
FROM SEC1103;


CREATE TABLE SEC1106 AS
SELECT *
FROM SEC1103;


CREATE TABLE SEC1107
(PK_1     VARCHAR(4),
COL_2     VARCHAR(6));

INSERT INTO SEC1107 VALUES ('A', NULL);
INSERT INTO SEC1107 VALUES ('B', NULL);
INSERT INTO SEC1107 VALUES ('C', NULL);
INSERT INTO SEC1107 VALUES ('D', NULL);
INSERT INTO SEC1107 VALUES ('E', NULL);
COMMIT;


CREATE TABLE SEC1111
(PK_1      VARCHAR(6),
COL_2      INT(4),
COL_3      INT(4));

INSERT INTO SEC1111 VALUES ('A', 1, 4);
INSERT INTO SEC1111 VALUES ('B', NULL, 5);
INSERT INTO SEC1111 VALUES ('C', 2, 6);
INSERT INTO SEC1111 VALUES ('D', 3, NULL);
COMMIT;



CREATE TABLE SEC1112_SHIPPING
(PK_1       VARCHAR(5),
preco       DECIMAL(6,2),
QUANTITY    INT(4),
TAX         DECIMAL(5,2),
SHIPPING    DECIMAL(5,2));

INSERT INTO SEC1112_SHIPPING VALUES ('A', 211.00, 3, 48.00, 63.00);
INSERT INTO SEC1112_SHIPPING VALUES ('B', 138.00, 7, NULL, 72.00);
INSERT INTO SEC1112_SHIPPING VALUES ('C', 592.00, 1, 51.00, 76.00);
INSERT INTO SEC1112_SHIPPING VALUES ('D', 329.00, 2, 54.00, NULL);
COMMIT;


-- ***************************************************
-- EXTRA TABLES FOR CHAPTER 12
-- ***************************************************

CREATE TABLE SEC1202
(ROW_ID     INT(4),
COL_1       VARCHAR(6),
COL_2       VARCHAR(6),
COL_3       INT(4));

INSERT INTO SEC1202 VALUES (1, NULL, NULL, 5);
INSERT INTO SEC1202 VALUES (2, 'A', 'Y', 5);
INSERT INTO SEC1202 VALUES (3, 'B', 'Z', 5);
INSERT INTO SEC1202 VALUES (4, 'C', NULL, 5);
INSERT INTO SEC1202 VALUES (5, NULL, 'Y', 5);
INSERT INTO SEC1202 VALUES (6, 'A', 'Z', 5);
INSERT INTO SEC1202 VALUES (7, 'B', NULL, 5);
INSERT INTO SEC1202 VALUES (8, 'C', 'Y', 5);
INSERT INTO SEC1202 VALUES (9, NULL, 'Z', 5);
INSERT INTO SEC1202 VALUES (10, 'A', NULL, 5);
INSERT INTO SEC1202 VALUES (11, 'B', 'Y', 5);
INSERT INTO SEC1202 VALUES (12, 'C', 'Z', 10);
INSERT INTO SEC1202 VALUES (13, NULL, NULL, 10);
INSERT INTO SEC1202 VALUES (14, 'A', 'Y', 10);
INSERT INTO SEC1202 VALUES (15, 'B', 'Z', 10);
INSERT INTO SEC1202 VALUES (16, 'C', NULL, 10);
INSERT INTO SEC1202 VALUES (17, NULL, 'Y', 10);
INSERT INTO SEC1202 VALUES (18, 'A', 'Z', 10);
INSERT INTO SEC1202 VALUES (19, 'B', NULL, 10);
INSERT INTO SEC1202 VALUES (20, 'C', 'Y', 10);
INSERT INTO SEC1202 VALUES (21, NULL, 'Z', 10);
INSERT INTO SEC1202 VALUES (22, 'A', NULL, 10);
INSERT INTO SEC1202 VALUES (23, 'B', 'Y', 10);
INSERT INTO SEC1202 VALUES (24, 'C', 'Z', 10);
COMMIT;


CREATE TABLE SEC1204
(PK_1     INT(4),
COL_2     VARCHAR(6),
COL_3     VARCHAR(6),
COL_4     VARCHAR(6),
COL_5     VARCHAR(6));


INSERT INTO SEC1204 VALUES (1, 'A', 'Y', 'M', NULL);
INSERT INTO SEC1204 VALUES (2, 'A', 'Y', NULL, NULL);
INSERT INTO SEC1204 VALUES (3, 'A', 'Z', 'M', NULL);
INSERT INTO SEC1204 VALUES (4, 'A', 'Z', NULL, NULL);
INSERT INTO SEC1204 VALUES (5, 'A', NULL, 'M', NULL);
INSERT INTO SEC1204 VALUES (6, 'A', NULL, NULL, NULL);
INSERT INTO SEC1204 VALUES (7, 'B', 'Y', 'M', NULL);
INSERT INTO SEC1204 VALUES (8, 'B', 'Y', NULL, NULL);
INSERT INTO SEC1204 VALUES (9, 'B', 'Z', 'M', NULL);
INSERT INTO SEC1204 VALUES (10, 'B', 'Z', NULL, NULL);
INSERT INTO SEC1204 VALUES (11, 'B', NULL, 'M', NULL);
INSERT INTO SEC1204 VALUES (12, 'B', NULL, NULL, NULL);
INSERT INTO SEC1204 VALUES (13, NULL, 'Y', 'M', NULL);
INSERT INTO SEC1204 VALUES (14, NULL, 'Y', NULL, NULL);
INSERT INTO SEC1204 VALUES (15, NULL, 'Z', 'M', NULL);
INSERT INTO SEC1204 VALUES (16, NULL, 'Z', NULL, NULL);
INSERT INTO SEC1204 VALUES (17, NULL, NULL, 'M', NULL);
INSERT INTO SEC1204 VALUES (18, NULL, NULL, NULL, NULL);
COMMIT;


CREATE TABLE SEC1207 AS
SELECT *
FROM SEC1202;


CREATE TABLE SEC1210 AS
SELECT A.id_funcionario,
       A.primeiro_nome,
       A.sobrenome,
       B.id_almoco ,
       B.data_almoco
FROM funcionarios A
     LEFT OUTER JOIN almocos B
     ON A.id_funcionario = B.id_funcionario;

	 
CREATE TABLE SEC1211
(ROW_ID    INT(3),
COL_1      VARCHAR(3),
COL_2      INT(3));

INSERT INTO SEC1211 VALUES (1, 'A', 8);
INSERT INTO SEC1211 VALUES (2, 'A', 5);
INSERT INTO SEC1211 VALUES (3, 'A', 10);
INSERT INTO SEC1211 VALUES (4, 'B', 1);
INSERT INTO SEC1211 VALUES (5, 'B', 7);
INSERT INTO SEC1211 VALUES (6, 'C', 40);
INSERT INTO SEC1211 VALUES (7, 'C', 3);
INSERT INTO SEC1211 VALUES (8, 'D', 8);
INSERT INTO SEC1211 VALUES (9, 'D', 6);
INSERT INTO SEC1211 VALUES (10, 'E', 4);
INSERT INTO SEC1211 VALUES (11, 'E', 5);
COMMIT;


-- ***************************************************
-- EXTRA TABLES FOR CHAPTER 13
-- ***************************************************

CREATE TABLE SEC1303_COLORS
(C_NUM           INT(2),
COLOR            VARCHAR(10));

INSERT INTO SEC1303_COLORS VALUES (1, 'RED');
INSERT INTO SEC1303_COLORS VALUES (2, 'YELLOW');
INSERT INTO SEC1303_COLORS VALUES (3, 'RED');
INSERT INTO SEC1303_COLORS VALUES (4, 'PURPLE');
INSERT INTO SEC1303_COLORS VALUES (5, 'ORANGE');
COMMIT;

CREATE TABLE SEC1303_FRUITS
(FRUIT           VARCHAR(10),
F_NUM            INT(2));

INSERT INTO SEC1303_FRUITS VALUES ('APPLE', 1);
INSERT INTO SEC1303_FRUITS VALUES ('BANANA', 2);
INSERT INTO SEC1303_FRUITS VALUES ('CHERRY', 3);
INSERT INTO SEC1303_FRUITS VALUES ('GRAPE', 4);
INSERT INTO SEC1303_FRUITS VALUES ('ORANGE', 5);
COMMIT;


CREATE TABLE SEC1304_COLORS
(C_NUM           INT(2),
COLOR            VARCHAR(10));

INSERT INTO SEC1304_COLORS VALUES (1, 'RED');
INSERT INTO SEC1304_COLORS VALUES (2, 'YELLOW');
INSERT INTO SEC1304_COLORS VALUES (3, 'RED');
INSERT INTO SEC1304_COLORS VALUES (4, 'PURPLE');
INSERT INTO SEC1304_COLORS VALUES (5, 'ORANGE');
COMMIT;


CREATE TABLE SEC1304_FRUITS
(FRUIT           VARCHAR(10),
F_NUM            INT(2));

INSERT INTO SEC1304_FRUITS VALUES ('APPLE', 1);
INSERT INTO SEC1304_FRUITS VALUES ('BANANA', 2);
INSERT INTO SEC1304_FRUITS VALUES ('CHERRY', 3);
INSERT INTO SEC1304_FRUITS VALUES ('GRAPE', 4);
INSERT INTO SEC1304_FRUITS VALUES ('ORANGE', 5);
INSERT INTO SEC1304_FRUITS VALUES ('STRAWBERRY', 1);
COMMIT;


CREATE TABLE SEC1305_COLORS
(C_NUM           INT(2),
COLOR            VARCHAR(10));

INSERT INTO SEC1305_COLORS VALUES (1, 'RED');
INSERT INTO SEC1305_COLORS VALUES (1, 'GREEN');
INSERT INTO SEC1305_COLORS VALUES (2, 'YELLOW');
INSERT INTO SEC1305_COLORS VALUES (3, 'RED');
INSERT INTO SEC1305_COLORS VALUES (4, 'PURPLE');
INSERT INTO SEC1305_COLORS VALUES (5, 'ORANGE');
COMMIT;


CREATE TABLE SEC1305_FRUITS
(FRUIT           VARCHAR(10),
F_NUM            INT(2));


INSERT INTO SEC1305_FRUITS VALUES ('APPLE', 1);
INSERT INTO SEC1305_FRUITS VALUES ('BANANA', 2);
INSERT INTO SEC1305_FRUITS VALUES ('CHERRY', 3);
INSERT INTO SEC1305_FRUITS VALUES ('GRAPE', 4);
INSERT INTO SEC1305_FRUITS VALUES ('ORANGE', 5);
COMMIT;


CREATE TABLE SEC1306_COLORS
(C_NUM           INT(2),
COLOR            VARCHAR(10));


INSERT INTO SEC1306_COLORS VALUES (1, 'RED');
INSERT INTO SEC1306_COLORS VALUES (1, 'GREEN');
INSERT INTO SEC1306_COLORS VALUES (2, 'YELLOW');
INSERT INTO SEC1306_COLORS VALUES (3, 'RED');
INSERT INTO SEC1306_COLORS VALUES (4, 'PURPLE');
INSERT INTO SEC1306_COLORS VALUES (4, 'GREEN');
INSERT INTO SEC1306_COLORS VALUES (5, 'ORANGE');
COMMIT;


CREATE TABLE SEC1306_FRUITS
(FRUIT           VARCHAR(10),
F_NUM            INT(2));

INSERT INTO SEC1306_FRUITS VALUES ('APPLE', 1);
INSERT INTO SEC1306_FRUITS VALUES ('BANANA', 2);
INSERT INTO SEC1306_FRUITS VALUES ('CHERRY', 3);
INSERT INTO SEC1306_FRUITS VALUES ('GRAPE', 4);
INSERT INTO SEC1306_FRUITS VALUES ('ORANGE', 5);
INSERT INTO SEC1306_FRUITS VALUES ('STRAWBERRY', 1);
COMMIT;


CREATE TABLE SEC1307_COLORS
(C_NUM           INT(2),
COLOR            VARCHAR(10));

INSERT INTO SEC1307_COLORS VALUES (1, 'RED');
INSERT INTO SEC1307_COLORS VALUES (2, 'YELLOW');
INSERT INTO SEC1307_COLORS VALUES (1, 'GREEN');
INSERT INTO SEC1307_COLORS VALUES (5, 'ORANGE');
INSERT INTO SEC1307_COLORS VALUES (6, 'WHITE');
COMMIT;


CREATE TABLE SEC1307_FRUITS
(FRUIT           VARCHAR(10),
F_NUM            INT(2));

INSERT INTO SEC1307_FRUITS VALUES ('APPLE', 1);
INSERT INTO SEC1307_FRUITS VALUES ('BANANA', 2);
INSERT INTO SEC1307_FRUITS VALUES ('CHERRY', 3);
INSERT INTO SEC1307_FRUITS VALUES ('GRAPE', 4);
INSERT INTO SEC1307_FRUITS VALUES ('ORANGE', 5);
INSERT INTO SEC1307_FRUITS VALUES ('STRAWBERRY', 1);
COMMIT;


CREATE TABLE SEC1308_COLORS
(C_NUM           INT(2),
COLOR            VARCHAR(10));

INSERT INTO SEC1308_COLORS VALUES (1, 'RED');
INSERT INTO SEC1308_COLORS VALUES (2, 'YELLOW');
INSERT INTO SEC1308_COLORS VALUES (3, 'RED');
INSERT INTO SEC1308_COLORS VALUES (4, 'PURPLE');
INSERT INTO SEC1308_COLORS VALUES (5, 'ORANGE');
INSERT INTO SEC1308_COLORS VALUES (NULL, 'BROWN');
COMMIT;


CREATE TABLE SEC1308_FRUITS
(FRUIT           VARCHAR(10),
F_NUM            INT(2));


INSERT INTO SEC1308_FRUITS VALUES ('APPLE', 1);
INSERT INTO SEC1308_FRUITS VALUES ('BANANA', 2);
INSERT INTO SEC1308_FRUITS VALUES ('CHERRY', 3);
INSERT INTO SEC1308_FRUITS VALUES ('GRAPE', 4);
INSERT INTO SEC1308_FRUITS VALUES ('ORANGE', 5);
INSERT INTO SEC1308_FRUITS VALUES ('KIWI', NULL);
COMMIT;


CREATE TABLE SEC1309_COLORS AS
SELECT *
FROM SEC1306_COLORS;


CREATE TABLE SEC1309_FRUITS AS
SELECT *
FROM SEC1306_FRUITS;


CREATE TABLE SEC1309_TABLE1
(ADJECTIVE      VARCHAR(25));

INSERT INTO SEC1309_TABLE1 VALUES ('ACTIVE');
INSERT INTO SEC1309_TABLE1 VALUES ('BUSY');
INSERT INTO SEC1309_TABLE1 VALUES ('CRAFTY');
INSERT INTO SEC1309_TABLE1 VALUES ('DETERMINED');
INSERT INTO SEC1309_TABLE1 VALUES ('CRAFTY');
INSERT INTO SEC1309_TABLE1 VALUES (null);
COMMIT;


CREATE TABLE SEC1309_TABLE2
(ANIMAL      VARCHAR(25));

INSERT INTO SEC1309_TABLE2 VALUES ('APE');
INSERT INTO SEC1309_TABLE2 VALUES ('BIRD');
INSERT INTO SEC1309_TABLE2 VALUES ('CAT');
INSERT INTO SEC1309_TABLE2 VALUES ('DOG');
INSERT INTO SEC1309_TABLE2 VALUES ('FLY');
INSERT INTO SEC1309_TABLE2 VALUES (null);
COMMIT;

CREATE TABLE SEC1310_COLORS
(C_NUM_1         INT(2),
C_NUM_2          INT(2),
COLOR            VARCHAR(10));

INSERT INTO SEC1310_COLORS VALUES (1, 5, 'RED');
INSERT INTO SEC1310_COLORS VALUES (1, 6, 'YELLOW');
INSERT INTO SEC1310_COLORS VALUES (2, 5, 'RED');
INSERT INTO SEC1310_COLORS VALUES (2, 6, 'PURPLE');
INSERT INTO SEC1310_COLORS VALUES (2, 7, 'ORANGE');
COMMIT;


CREATE TABLE SEC1310_FRUITS
(F_NUM_1         INT(2),
F_NUM_2          INT(2),
FRUIT            VARCHAR(10));

INSERT INTO SEC1310_FRUITS VALUES (1, 5, 'APPLE');
INSERT INTO SEC1310_FRUITS VALUES (1, 6, 'BANANA');
INSERT INTO SEC1310_FRUITS VALUES (2, 5, 'CHERRY');
INSERT INTO SEC1310_FRUITS VALUES (2, 6, 'GRAPE');
INSERT INTO SEC1310_FRUITS VALUES (2, 7, 'ORANGE');
COMMIT;


CREATE TABLE SEC1310_TABLE1
(M1         INT(2),
M2          INT(2),
M3          INT(2),
ADJECTIVE   VARCHAR(30));

INSERT INTO SEC1310_TABLE1 VALUES (1, 1, 2, 'ACTIVE'); 
INSERT INTO SEC1310_TABLE1 VALUES (1, 2, 3, 'BUSY'); 
INSERT INTO SEC1310_TABLE1 VALUES (1, 3, 4, 'CRAFTY'); 
INSERT INTO SEC1310_TABLE1 VALUES (2, 1, 2, 'DETERMINED'); 
INSERT INTO SEC1310_TABLE1 VALUES (2, 2, 3, 'ECCENTRIC'); 
COMMIT;


CREATE TABLE SEC1310_TABLE2
(M1         INT(2),
M2          INT(2),
M3          INT(2),
ANIMAL      VARCHAR(30));

INSERT INTO SEC1310_TABLE2 VALUES (1, 1, 2, 'APE'); 
INSERT INTO SEC1310_TABLE2 VALUES (1, 2, 3, 'BIRD'); 
INSERT INTO SEC1310_TABLE2 VALUES (1, 3, 4, 'CAT'); 
INSERT INTO SEC1310_TABLE2 VALUES (2, 1, 2, 'DOG'); 
INSERT INTO SEC1310_TABLE2 VALUES (2, 2, 3, 'ELL'); 
COMMIT;


CREATE TABLE SEC1311_GRADE_RANGES
(BEGINNING_SCORE   INT(3),
ENDING_SCORE       INT(3),
letra_GRADE       VARCHAR(2));

INSERT INTO SEC1311_GRADE_RANGES VALUES (0, 59, 'F');
INSERT INTO SEC1311_GRADE_RANGES VALUES (60, 69, 'D');
INSERT INTO SEC1311_GRADE_RANGES VALUES (70, 79, 'C');
INSERT INTO SEC1311_GRADE_RANGES VALUES (80, 89, 'B');
INSERT INTO SEC1311_GRADE_RANGES VALUES (90, 100, 'A');
COMMIT;


CREATE TABLE SEC1311_STUDENT_SCORES
(STUDENT_NAME      VARCHAR(15),
TEST_SCORE         INT(3));

INSERT INTO SEC1311_STUDENT_SCORES VALUES ('CATHY', 85);
INSERT INTO SEC1311_STUDENT_SCORES VALUES ('FRED', 60);
INSERT INTO SEC1311_STUDENT_SCORES VALUES ('JOHN', 95);
INSERT INTO SEC1311_STUDENT_SCORES VALUES ('MEG', 92);
COMMIT;


CREATE TABLE SEC1311_DICTIONARY
(BEGINNING_letra     VARCHAR(1),
ENDING_letra         VARCHAR(1),
DICTIONARY_VOLUME     VARCHAR(3));

INSERT INTO SEC1311_DICTIONARY VALUES ('A', 'F', '1');  
INSERT INTO SEC1311_DICTIONARY VALUES ('G', 'M', '2');  
INSERT INTO SEC1311_DICTIONARY VALUES ('N', 'S', '3');  
INSERT INTO SEC1311_DICTIONARY VALUES ('T', 'Z', '4');  
COMMIT;


CREATE TABLE SEC1311_WORDS
(WORD      VARCHAR(30));

INSERT INTO SEC1311_WORDS VALUES ('APE');
INSERT INTO SEC1311_WORDS VALUES ('BIRD');
INSERT INTO SEC1311_WORDS VALUES ('CAT');
INSERT INTO SEC1311_WORDS VALUES ('DOG');
INSERT INTO SEC1311_WORDS VALUES ('ELL');
INSERT INTO SEC1311_WORDS VALUES ('FISH');
INSERT INTO SEC1311_WORDS VALUES ('GORILLA');
INSERT INTO SEC1311_WORDS VALUES ('HORSE');
INSERT INTO SEC1311_WORDS VALUES ('IGUANA');
INSERT INTO SEC1311_WORDS VALUES ('JAGUAR');
INSERT INTO SEC1311_WORDS VALUES ('KANGAROO');
INSERT INTO SEC1311_WORDS VALUES ('LEOPARD');
INSERT INTO SEC1311_WORDS VALUES ('MALLARD');
INSERT INTO SEC1311_WORDS VALUES ('NIGHTHAWK');
INSERT INTO SEC1311_WORDS VALUES ('OWL');
INSERT INTO SEC1311_WORDS VALUES ('PENGUIN');
INSERT INTO SEC1311_WORDS VALUES ('QUAIL');
INSERT INTO SEC1311_WORDS VALUES ('ROOSTER');
INSERT INTO SEC1311_WORDS VALUES ('SEA LION');
INSERT INTO SEC1311_WORDS VALUES ('TURTLE');
INSERT INTO SEC1311_WORDS VALUES ('UNICORN');
INSERT INTO SEC1311_WORDS VALUES ('VICEROY');
INSERT INTO SEC1311_WORDS VALUES ('WORM');
INSERT INTO SEC1311_WORDS VALUES ('XFISH');
INSERT INTO SEC1311_WORDS VALUES ('YAK');
INSERT INTO SEC1311_WORDS VALUES ('ZEBRA');
COMMIT;


CREATE TABLE SEC1312_BIGGER_NUMBERS
(LARGER_NUMBER     INT(2),
WORD               VARCHAR(15));

INSERT INTO SEC1312_BIGGER_NUMBERS VALUES (1, 'ONE');
INSERT INTO SEC1312_BIGGER_NUMBERS VALUES (2, 'dois');
INSERT INTO SEC1312_BIGGER_NUMBERS VALUES (3, 'tres');
INSERT INTO SEC1312_BIGGER_NUMBERS VALUES (4, 'quatro');
INSERT INTO SEC1312_BIGGER_NUMBERS VALUES (5, 'FIVE');
INSERT INTO SEC1312_BIGGER_NUMBERS VALUES (6, 'seis');
COMMIT;


CREATE TABLE SEC1312_SMALLER_NUMBERS
(SMALLER_NUMBER    INT(2),
WORD               VARCHAR(15));

INSERT INTO SEC1312_SMALLER_NUMBERS VALUES (1, 'ONE');
INSERT INTO SEC1312_SMALLER_NUMBERS VALUES (2, 'dois');
INSERT INTO SEC1312_SMALLER_NUMBERS VALUES (3, 'tres');
INSERT INTO SEC1312_SMALLER_NUMBERS VALUES (4, 'quatro');
INSERT INTO SEC1312_SMALLER_NUMBERS VALUES (5, 'FIVE');
INSERT INTO SEC1312_SMALLER_NUMBERS VALUES (6, 'seis');
COMMIT;


CREATE TABLE SEC1313_COLORS AS
SELECT *
FROM SEC1306_COLORS;


CREATE TABLE SEC1313_FRUITS AS
SELECT *
FROM SEC1306_FRUITS;


CREATE TABLE SEC1313_WORDS1
(WORD    VARCHAR(30));

INSERT INTO SEC1313_WORDS1 VALUES ('BAT');
INSERT INTO SEC1313_WORDS1 VALUES ('IS');
INSERT INTO SEC1313_WORDS1 VALUES ('LAUGH');
INSERT INTO SEC1313_WORDS1 VALUES ('SING');
COMMIT;


CREATE TABLE SEC1313_WORDS2
(WORD    VARCHAR(30));

INSERT INTO SEC1313_WORDS2 VALUES ('DOG');
INSERT INTO SEC1313_WORDS2 VALUES ('HIGH');
INSERT INTO SEC1313_WORDS2 VALUES ('IT');
INSERT INTO SEC1313_WORDS2 VALUES ('WEEKS');
COMMIT;


CREATE TABLE SEC1314_COLORS AS
SELECT *
FROM SEC1306_COLORS;


CREATE TABLE SEC1314_FRUITS AS
SELECT *
FROM SEC1306_FRUITS;


-- ***************************************************
-- EXTRA TABLES FOR CHAPTER 14
-- ***************************************************

CREATE TABLE SEC1405_empregados AS
SELECT *
FROM funcionarios;

INSERT INTO SEC1405_empregados VALUES (212, 'BOB', 'GREENE', NULL, '2010-02-10', NULL, NULL, NULL);
COMMIT;


CREATE TABLE SEC1407_DEPARTMENTS
(codigo_depto           VARCHAR(3),
nome_departamento     VARCHAR(30));

INSERT INTO SEC1407_DEPARTMENTS VALUES ('EXE', 'EXECUTIVE');
INSERT INTO SEC1407_DEPARTMENTS VALUES ('IT', 'INFORMATION TECHNOLOGY');
INSERT INTO SEC1407_DEPARTMENTS VALUES ('SEC', 'SECURITY DEPARTMENT');
COMMIT;


CREATE TABLE SEC1407_FIRST
(NUMBER_1         INT(2),
WORD_1            VARCHAR(10),
DATE_1            DATE);

INSERT INTO SEC1407_FIRST VALUES (1, 'ONE', '2001-12-01');
INSERT INTO SEC1407_FIRST VALUES (2, 'dois', '2002-12-02');
INSERT INTO SEC1407_FIRST VALUES (3, 'tres', '2003-12-03');
INSERT INTO SEC1407_FIRST VALUES (4, 'quatro', '2004-12-04');
INSERT INTO SEC1407_FIRST VALUES (5, 'FIVE', '2005-12-05');
COMMIT;


CREATE TABLE SEC1407_SECOND
(NUMBER_2         INT(2),
WORD_2            VARCHAR(10),
DATE_2            DATE);

INSERT INTO SEC1407_SECOND VALUES (3, 'tres', '2003-12-03');
INSERT INTO SEC1407_SECOND VALUES (4, 'quatro', '2004-12-04');
INSERT INTO SEC1407_SECOND VALUES (5, 'FIVE', '2005-12-05');
INSERT INTO SEC1407_SECOND VALUES (6, 'seis', '2006-12-06');
INSERT INTO SEC1407_SECOND VALUES (7, 'SEVEN', '2007-12-07');
COMMIT;


CREATE TABLE SEC1411_NUMBERS AS
SELECT *
FROM NUMBERS_1_TO_1000;

DELETE FROM SEC1411_NUMBERS 
WHERE N IN (5, 123, 275, 367, 460, 555, 619, 778, 821, 998);

INSERT INTO SEC1411_NUMBERS VALUES (3);
INSERT INTO SEC1411_NUMBERS VALUES (13);
INSERT INTO SEC1411_NUMBERS VALUES (13);
INSERT INTO SEC1411_NUMBERS VALUES (13);
INSERT INTO SEC1411_NUMBERS VALUES (48);
INSERT INTO SEC1411_NUMBERS VALUES (48);
INSERT INTO SEC1411_NUMBERS VALUES (48);
INSERT INTO SEC1411_NUMBERS VALUES (67);
INSERT INTO SEC1411_NUMBERS VALUES (72);
INSERT INTO SEC1411_NUMBERS VALUES (72);
INSERT INTO SEC1411_NUMBERS VALUES (103);
INSERT INTO SEC1411_NUMBERS VALUES (113);
INSERT INTO SEC1411_NUMBERS VALUES (113);
INSERT INTO SEC1411_NUMBERS VALUES (113);
INSERT INTO SEC1411_NUMBERS VALUES (113);
INSERT INTO SEC1411_NUMBERS VALUES (148);
INSERT INTO SEC1411_NUMBERS VALUES (148);
INSERT INTO SEC1411_NUMBERS VALUES (148);
INSERT INTO SEC1411_NUMBERS VALUES (167);
INSERT INTO SEC1411_NUMBERS VALUES (172);
INSERT INTO SEC1411_NUMBERS VALUES (172);
INSERT INTO SEC1411_NUMBERS VALUES (248);
INSERT INTO SEC1411_NUMBERS VALUES (267);
INSERT INTO SEC1411_NUMBERS VALUES (503);
INSERT INTO SEC1411_NUMBERS VALUES (548);
INSERT INTO SEC1411_NUMBERS VALUES (713);
INSERT INTO SEC1411_NUMBERS VALUES (748);
INSERT INTO SEC1411_NUMBERS VALUES (872);
INSERT INTO SEC1411_NUMBERS VALUES (913);
INSERT INTO SEC1411_NUMBERS VALUES (972);
COMMIT;



CREATE TABLE SEC1412_DEPARTMENTS AS
SELECT *
FROM departamentos;

DELETE FROM SEC1412_DEPARTMENTS
WHERE codigo_depto IN ('EXP');

INSERT INTO SEC1412_DEPARTMENTS VALUES ('IT', 'INFORMATION TECHNOLOGY');

UPDATE SEC1412_DEPARTMENTS
SET nome_departamento = 'SALES DEPARTMENT'
WHERE codigo_depto = 'VEN';

COMMIT;


CREATE TABLE SEC1412A
(FIRST_COL     VARCHAR(15),
SECOND_COL     VARCHAR(15));

INSERT INTO SEC1412A VALUES ('11101', '22201');
INSERT INTO SEC1412A VALUES ('11101', '22202');
INSERT INTO SEC1412A VALUES ('11101', '22203');
INSERT INTO SEC1412A VALUES ('11102', '22201');
INSERT INTO SEC1412A VALUES ('11102', '22202');
INSERT INTO SEC1412A VALUES ('11102', '22203');
INSERT INTO SEC1412A VALUES ('11103', '22201');
INSERT INTO SEC1412A VALUES ('11103', '22202');
INSERT INTO SEC1412A VALUES ('11103', '22203');
INSERT INTO SEC1412A VALUES ('11104', '22201');
INSERT INTO SEC1412A VALUES ('11104', '22202');
INSERT INTO SEC1412A VALUES ('11104', '22203');
INSERT INTO SEC1412A VALUES ('11105', '22201');
INSERT INTO SEC1412A VALUES ('11105', '22202');
INSERT INTO SEC1412A VALUES ('11105', '22203');
COMMIT;


CREATE TABLE SEC1412B
(FIRST_COL      VARCHAR(15),
SECOND_COL     VARCHAR(15));


INSERT INTO SEC1412B VALUES ('11101', '22201');
INSERT INTO SEC1412B VALUES ('11101', '22202');
INSERT INTO SEC1412B VALUES ('11101', '22203');
INSERT INTO SEC1412B VALUES ('11102', '22201');
INSERT INTO SEC1412B VALUES ('11102', '22203');
INSERT INTO SEC1412B VALUES ('11103', '22202');
INSERT INTO SEC1412B VALUES ('11103', '22203');
INSERT INTO SEC1412B VALUES ('11104', '22201');
INSERT INTO SEC1412B VALUES ('11104', '22202');
INSERT INTO SEC1412B VALUES ('11105', '22201');
INSERT INTO SEC1412B VALUES ('11105', '22202');
INSERT INTO SEC1412B VALUES ('11105', '22203');
COMMIT;

CREATE TABLE SEC1413_COLORS AS
SELECT *
FROM SEC1306_COLORS;


CREATE TABLE SEC1413_FRUITS AS
SELECT *
FROM SEC1306_FRUITS;

CREATE TABLE SEC1414_dois
(MULTIPLE_OF_2      INT(4));

INSERT INTO SEC1414_dois 
SELECT n * 2
FROM numeros_0_a_99
WHERE N BETWEEN 0 AND 50;

COMMIT; 


CREATE TABLE SEC1414_tres
(MULTIPLE_OF_3      INT(4));

INSERT INTO SEC1414_tres 
SELECT n * 3
FROM numeros_0_a_99
WHERE N BETWEEN 0 AND 33;

COMMIT; 


CREATE TABLE SEC1414_FIVES
(MULTIPLE_OF_5      INT(4));

INSERT INTO SEC1414_FIVES 
SELECT n * 5
FROM numeros_0_a_99
WHERE N BETWEEN 0 AND 20;

COMMIT; 


-- ***************************************************
-- EXTRA TABLES FOR CHAPTER 15
-- ***************************************************

CREATE TABLE SEC1501_FIRST AS
SELECT *
FROM SEC1407_FIRST;


CREATE TABLE SEC1501_SECOND AS
SELECT *
FROM SEC1407_SECOND;


CREATE TABLE SEC1502_FIRST AS
SELECT *
FROM SEC1407_FIRST;


CREATE TABLE SEC1502_SECOND AS
SELECT *
FROM SEC1407_SECOND;


CREATE TABLE SEC1504_FIRST AS
SELECT *
FROM SEC1407_FIRST;


CREATE TABLE SEC1504_SECOND AS
SELECT *
FROM SEC1407_SECOND;


CREATE TABLE SEC1505_FIRST AS
SELECT *
FROM SEC1407_FIRST;


CREATE TABLE SEC1505_SECOND AS
SELECT *
FROM SEC1407_SECOND;


CREATE TABLE SEC1506_WITH_LONG_COLUMNS
(NUMBER_COLUMN_WITH_LENGTH_7       INT(7),
TEXT_COLUMN_WITH_LENGTH_7          VARCHAR(7));

INSERT INTO SEC1506_WITH_LONG_COLUMNS VALUES (1111111, 'AAAAAAA');
INSERT INTO SEC1506_WITH_LONG_COLUMNS VALUES (2222222, 'BBBBBBB');
INSERT INTO SEC1506_WITH_LONG_COLUMNS VALUES (3333333, 'CCCCCCC');
INSERT INTO SEC1506_WITH_LONG_COLUMNS VALUES (4444444, 'DDDDDDD');
INSERT INTO SEC1506_WITH_LONG_COLUMNS VALUES (5555555, 'EEEEEEE');

COMMIT;


CREATE TABLE SEC1506_WITH_SHORT_COLUMNS
(NUMBER_COLUMN_WITH_LENGTH_2     INT(2),
TEXT_COLUMN_WITH_LENGTH_2        VARCHAR(2));

INSERT INTO SEC1506_WITH_SHORT_COLUMNS VALUES (33, 'CC');
INSERT INTO SEC1506_WITH_SHORT_COLUMNS VALUES (44, 'DD');
INSERT INTO SEC1506_WITH_SHORT_COLUMNS VALUES (55, 'EE');
INSERT INTO SEC1506_WITH_SHORT_COLUMNS VALUES (66, 'BF');
INSERT INTO SEC1506_WITH_SHORT_COLUMNS VALUES (77, 'GG');

COMMIT;


CREATE TABLE SEC1507_WITH_LONG_COLUMNS AS
SELECT *
FROM SEC1506_WITH_LONG_COLUMNS;


CREATE TABLE SEC1507_WITH_SHORT_COLUMNS AS
SELECT *
FROM SEC1506_WITH_SHORT_COLUMNS;

CREATE TABLE SEC1507_FIRST AS
SELECT *
FROM SEC1407_FIRST;


CREATE TABLE SEC1507_SECOND AS
SELECT *
FROM SEC1407_SECOND;

CREATE TABLE SEC1508_MORE_COLUMNS
(NUMBER_COL      INT(7),
TEXT_COL         VARCHAR(7),
DATE_COL         DATE);

INSERT INTO SEC1508_MORE_COLUMNS VALUES (1111111, 'AAAAAAA', '2015-12-01');
INSERT INTO SEC1508_MORE_COLUMNS VALUES (2222222, 'BBBBBBB', '2015-12-02');
INSERT INTO SEC1508_MORE_COLUMNS VALUES (3333333, 'CCCCCCC', '2015-12-03');
INSERT INTO SEC1508_MORE_COLUMNS VALUES (4444444, 'DDDDDDD', '2015-12-04');
INSERT INTO SEC1508_MORE_COLUMNS VALUES (5555555, 'EEEEEEE', '2015-12-05');
COMMIT;


CREATE TABLE SEC1508_LESS_COLUMNS
(NUMBER_COL    INT(7),
TEXT_COL       VARCHAR(7));

INSERT INTO SEC1508_LESS_COLUMNS VALUES (3333333, 'CCCCCCC');
INSERT INTO SEC1508_LESS_COLUMNS VALUES (4444444, 'DDDDDDD');
INSERT INTO SEC1508_LESS_COLUMNS VALUES (5555555, 'EEEEEEE');
INSERT INTO SEC1508_LESS_COLUMNS VALUES (6666666, 'FFFFFFF');
INSERT INTO SEC1508_LESS_COLUMNS VALUES (7777777, 'GGGGGGG');
COMMIT;


CREATE TABLE SEC1509_comidas AS
SELECT * FROM comidas;


CREATE TABLE SEC1509A_LUNCHES AS
SELECT * FROM almocos;

UPDATE SEC1509A_LUNCHES
SET data_registro = '2011-10-18 08:43:11' 
WHERE id_almoco  = 13;


CREATE TABLE SEC1509B_LUNCHES AS
SELECT * FROM almocos;


CREATE TABLE SEC1510_FIRST AS
SELECT *
FROM SEC1407_FIRST;


CREATE TABLE SEC1510_SECOND AS
SELECT *
FROM SEC1407_SECOND;


CREATE TABLE SEC1512_FINANCES
(ITEM   VARCHAR(25),
COST    DECIMAL(5,2));

INSERT INTO SEC1512_FINANCES VALUES ('SAMSONITE SUITCASE', -248.13);
INSERT INTO SEC1512_FINANCES VALUES ('RENT FOR APRIL', 700.00);
INSERT INTO SEC1512_FINANCES VALUES ('OPERA TICKET', -145.00);
INSERT INTO SEC1512_FINANCES VALUES ('LUNCH', -15.62);
INSERT INTO SEC1512_FINANCES VALUES ('DEBT REPAID BY JIM', 20.00);
INSERT INTO SEC1512_FINANCES VALUES ('CAR REPAIR', -622.98);
INSERT INTO SEC1512_FINANCES VALUES ('HAIRCUT', -22.00);
INSERT INTO SEC1512_FINANCES VALUES ('BIRTHDAY GIFT FROM MOM', 200.00);
COMMIT;


CREATE TABLE SEC1515_FIRST AS
SELECT *
FROM SEC1407_FIRST;


CREATE TABLE SEC1515_SECOND AS
SELECT *
FROM SEC1407_SECOND;


CREATE TABLE SEC1516_FIRST AS
SELECT *
FROM SEC1407_FIRST;


CREATE TABLE SEC1516_SECOND AS
SELECT *
FROM SEC1407_SECOND;


-- ***************************************************
-- EXTRA TABLES FOR CHAPTER 16
-- ***************************************************

CREATE TABLE SEC1601_COLUMNS_1_TO_2 
(NUM_COL_1      INT(4),
TEXT_COL_2      VARCHAR(6));

INSERT INTO SEC1601_COLUMNS_1_TO_2 VALUES (1, 'A');
INSERT INTO SEC1601_COLUMNS_1_TO_2 VALUES (2, 'B');
INSERT INTO SEC1601_COLUMNS_1_TO_2 VALUES (3, 'C');
INSERT INTO SEC1601_COLUMNS_1_TO_2 VALUES (4, 'D');
COMMIT;


CREATE TABLE SEC1601_COLUMNS_3_TO_5 
(NUM_COL_3     INT(4),
TEXT_COL_4     VARCHAR(6),
DATE_COL_5     DATE);

INSERT INTO SEC1601_COLUMNS_3_TO_5 VALUES (25, 'VV', '2025-08-05');
INSERT INTO SEC1601_COLUMNS_3_TO_5 VALUES (26, 'WW', '2026-09-06');
INSERT INTO SEC1601_COLUMNS_3_TO_5 VALUES (27, 'XX', '2027-10-07');
INSERT INTO SEC1601_COLUMNS_3_TO_5 VALUES (28, 'YY', '2028-11-08');
INSERT INTO SEC1601_COLUMNS_3_TO_5 VALUES (29, 'ZZ', '2029-12-09');
COMMIT;


CREATE TABLE SEC1603_COLORS
(C_NUM           INT(2),
COLOR            VARCHAR(10));

INSERT INTO SEC1603_COLORS VALUES (1, 'RED');
INSERT INTO SEC1603_COLORS VALUES (2, 'YELLOW');
INSERT INTO SEC1603_COLORS VALUES (1, 'GREEN');
INSERT INTO SEC1603_COLORS VALUES (5, 'WHITE');
INSERT INTO SEC1603_COLORS VALUES (NULL, 'BROWN');
COMMIT;


CREATE TABLE SEC1603_FRUITS
(FRUIT           VARCHAR(10),
F_NUM            INT(2));

INSERT INTO SEC1603_FRUITS VALUES ('APPLE', 1);
INSERT INTO SEC1603_FRUITS VALUES ('BANANA', 2);
INSERT INTO SEC1603_FRUITS VALUES ('STRAWBERRY', 1);
INSERT INTO SEC1603_FRUITS VALUES ('GRAPE', 4);
INSERT INTO SEC1603_FRUITS VALUES ('KIWI', NULL);
COMMIT;

CREATE TABLE SEC1606_CAR_TYPES
(CAR_TYPE     VARCHAR(15));

INSERT INTO SEC1606_CAR_TYPES VALUES ('FORD');
INSERT INTO SEC1606_CAR_TYPES VALUES ('TOYOTA');
INSERT INTO SEC1606_CAR_TYPES VALUES ('VOLKSWAGEN');
INSERT INTO SEC1606_CAR_TYPES VALUES ('CHEVY');
COMMIT;


CREATE TABLE SEC1606_COLORS
(COLOR     VARCHAR(15));

INSERT INTO SEC1606_COLORS VALUES ('WHITE');
INSERT INTO SEC1606_COLORS VALUES ('RED');
INSERT INTO SEC1606_COLORS VALUES ('GREEN');
COMMIT;


CREATE TABLE SEC1609
(COL_1      VARCHAR(10),
COL_2      INT(4));

INSERT INTO SEC1609 VALUES ('G', 1);
INSERT INTO SEC1609 VALUES ('H', 2);
INSERT INTO SEC1609 VALUES ('I', 3);
INSERT INTO SEC1609 VALUES ('J', 4);
COMMIT;


CREATE TABLE SEC1611_EVENTS (
    SEQUENCE_NUMBER INT(5),
    TRUCK_ID INT(5),
    EVENT VARCHAR(100),
    TIME_DONE TIME
);

INSERT INTO SEC1611_EVENTS VALUES (1, 41, 'DELIVERED PACKAGE 391', '11:27:00');   
INSERT INTO SEC1611_EVENTS VALUES (2, 41, 'DELIVERED PACKAGE 392', '11:33:00'); 
INSERT INTO SEC1611_EVENTS VALUES (3, 41, 'PICKED UP PACKAGE 572', '11:42:00');  
INSERT INTO SEC1611_EVENTS VALUES (4, 41, 'STARTED LUNCH BREAK', '11:54:00');  
INSERT INTO SEC1611_EVENTS VALUES (5, 41, 'ENDED LUNCH BREAK', '12:23:00');   
INSERT INTO SEC1611_EVENTS VALUES (6, 41, 'DELIVERED PACKAGE 393', '12:37:00');   
INSERT INTO SEC1611_EVENTS VALUES (7, 41, 'PICKED UP PACKAGE 573', '12:44:00');   
INSERT INTO SEC1611_EVENTS VALUES (8, 41, 'PICKED UP PACKAGE 574', '13:02:00');   
INSERT INTO SEC1611_EVENTS VALUES (9, 41, 'DELIVERED PACKAGE 394', '13:08:00');   
INSERT INTO SEC1611_EVENTS VALUES (10, 41, 'DELIVERED PACKAGE 395', '13:12:00');
COMMIT;  


CREATE TABLE SEC1611_PRIME_NUMBERS
(SEQUENCE_ID     INT(5),
PRIME_NUMBER     INT(5));

INSERT INTO SEC1611_PRIME_NUMBERS VALUES (1, 2);
INSERT INTO SEC1611_PRIME_NUMBERS VALUES (2, 3);
INSERT INTO SEC1611_PRIME_NUMBERS VALUES (3, 5);
INSERT INTO SEC1611_PRIME_NUMBERS VALUES (4, 7);
INSERT INTO SEC1611_PRIME_NUMBERS VALUES (5, 11);
INSERT INTO SEC1611_PRIME_NUMBERS VALUES (6, 13);
INSERT INTO SEC1611_PRIME_NUMBERS VALUES (7, 17);
INSERT INTO SEC1611_PRIME_NUMBERS VALUES (8, 19);
INSERT INTO SEC1611_PRIME_NUMBERS VALUES (9, 23);
INSERT INTO SEC1611_PRIME_NUMBERS VALUES (10, 29);
INSERT INTO SEC1611_PRIME_NUMBERS VALUES (11, 31);
INSERT INTO SEC1611_PRIME_NUMBERS VALUES (12, 37);
INSERT INTO SEC1611_PRIME_NUMBERS VALUES (13, 41);
INSERT INTO SEC1611_PRIME_NUMBERS VALUES (14, 43);
INSERT INTO SEC1611_PRIME_NUMBERS VALUES (15, 47);
INSERT INTO SEC1611_PRIME_NUMBERS VALUES (16, 53);
INSERT INTO SEC1611_PRIME_NUMBERS VALUES (17, 59);
INSERT INTO SEC1611_PRIME_NUMBERS VALUES (18, 61);
INSERT INTO SEC1611_PRIME_NUMBERS VALUES (19, 67);
INSERT INTO SEC1611_PRIME_NUMBERS VALUES (20, 71);
INSERT INTO SEC1611_PRIME_NUMBERS VALUES (21, 73);
INSERT INTO SEC1611_PRIME_NUMBERS VALUES (22, 79);
INSERT INTO SEC1611_PRIME_NUMBERS VALUES (23, 83);
INSERT INTO SEC1611_PRIME_NUMBERS VALUES (24, 89);
INSERT INTO SEC1611_PRIME_NUMBERS VALUES (25, 97);
INSERT INTO SEC1611_PRIME_NUMBERS VALUES (26, 101);
INSERT INTO SEC1611_PRIME_NUMBERS VALUES (27, 103);
INSERT INTO SEC1611_PRIME_NUMBERS VALUES (28, 107);
INSERT INTO SEC1611_PRIME_NUMBERS VALUES (29, 109);
INSERT INTO SEC1611_PRIME_NUMBERS VALUES (30, 113);
INSERT INTO SEC1611_PRIME_NUMBERS VALUES (31, 127);
INSERT INTO SEC1611_PRIME_NUMBERS VALUES (32, 131);
INSERT INTO SEC1611_PRIME_NUMBERS VALUES (33, 137);
INSERT INTO SEC1611_PRIME_NUMBERS VALUES (34, 139);
INSERT INTO SEC1611_PRIME_NUMBERS VALUES (35, 149);
INSERT INTO SEC1611_PRIME_NUMBERS VALUES (36, 151);
INSERT INTO SEC1611_PRIME_NUMBERS VALUES (37, 157);
INSERT INTO SEC1611_PRIME_NUMBERS VALUES (38, 163);
INSERT INTO SEC1611_PRIME_NUMBERS VALUES (39, 167);
INSERT INTO SEC1611_PRIME_NUMBERS VALUES (40, 173);
INSERT INTO SEC1611_PRIME_NUMBERS VALUES (41, 179);
INSERT INTO SEC1611_PRIME_NUMBERS VALUES (42, 181);
INSERT INTO SEC1611_PRIME_NUMBERS VALUES (43, 191);
INSERT INTO SEC1611_PRIME_NUMBERS VALUES (44, 193);
INSERT INTO SEC1611_PRIME_NUMBERS VALUES (45, 197);
INSERT INTO SEC1611_PRIME_NUMBERS VALUES (46, 199);
INSERT INTO SEC1611_PRIME_NUMBERS VALUES (47, 211);
INSERT INTO SEC1611_PRIME_NUMBERS VALUES (48, 223);
INSERT INTO SEC1611_PRIME_NUMBERS VALUES (49, 227);
INSERT INTO SEC1611_PRIME_NUMBERS VALUES (50, 229);
COMMIT;


CREATE TABLE SEC1613_CAR_TYPES AS
SELECT *
FROM SEC1606_CAR_TYPES;


CREATE TABLE SEC1613_COLORS AS
SELECT *
FROM SEC1606_COLORS;


CREATE TABLE SEC1614_CAR_TYPES AS
SELECT *
FROM SEC1606_CAR_TYPES;


CREATE TABLE SEC1614_COLORS AS
SELECT *
FROM SEC1606_COLORS;


CREATE TABLE SEC1614_NUMBER_OF_DOORS
(DOORS   INT(1));

INSERT INTO SEC1614_NUMBER_OF_DOORS VALUES (2);
INSERT INTO SEC1614_NUMBER_OF_DOORS VALUES (4);
COMMIT;


CREATE TABLE SEC1615_CAR_TYPES AS
SELECT *
FROM SEC1606_CAR_TYPES;


CREATE TABLE SEC1615_COLORS AS
SELECT *
FROM SEC1606_COLORS;


CREATE TABLE SEC1615_NUMBER_OF_DOORS AS
SELECT *
FROM SEC1614_NUMBER_OF_DOORS;


CREATE TABLE SEC1618_CAR_TYPES AS
SELECT *
FROM SEC1606_CAR_TYPES;


CREATE TABLE SEC1618_COLORS AS
SELECT *
FROM SEC1606_COLORS;


CREATE TABLE SEC1618_NUMBER_OF_DOORS AS
SELECT *
FROM SEC1614_NUMBER_OF_DOORS;


CREATE TABLE SEC1619
(CAR_TYPE    VARCHAR(15),
DOORS        INT(1),
COLOR        VARCHAR(10),
MY_DATA      VARCHAR(5));

INSERT INTO SEC1619 VALUES ('CHEVY', 2, 'GREEN', 1);
INSERT INTO SEC1619 VALUES ('CHEVY', 4, 'GREEN', 4);
INSERT INTO SEC1619 VALUES ('CHEVY', 2, 'RED', 2);
INSERT INTO SEC1619 VALUES ('CHEVY', 4, 'RED', 5);
INSERT INTO SEC1619 VALUES ('CHEVY', 2, 'WHITE', 3);
INSERT INTO SEC1619 VALUES ('CHEVY', 4, 'WHITE', 6);
INSERT INTO SEC1619 VALUES ('FORD', 2, 'GREEN', 7);
INSERT INTO SEC1619 VALUES ('FORD', 4, 'GREEN', 10);
INSERT INTO SEC1619 VALUES ('FORD', 2, 'RED', 8);
INSERT INTO SEC1619 VALUES ('FORD', 4, 'RED', 11);
INSERT INTO SEC1619 VALUES ('FORD', 2, 'WHITE', 9);
INSERT INTO SEC1619 VALUES ('FORD', 4, 'WHITE', 12);
INSERT INTO SEC1619 VALUES ('TOYOTA', 2, 'GREEN', 13);
INSERT INTO SEC1619 VALUES ('TOYOTA', 4, 'GREEN', 16);
INSERT INTO SEC1619 VALUES ('TOYOTA', 2, 'RED', 14);
INSERT INTO SEC1619 VALUES ('TOYOTA', 4, 'RED', 17);
INSERT INTO SEC1619 VALUES ('TOYOTA', 2, 'WHITE', 15);
INSERT INTO SEC1619 VALUES ('TOYOTA', 4, 'WHITE', 18);
INSERT INTO SEC1619 VALUES ('VOLKSWAGEN', 2, 'GREEN', 19);
INSERT INTO SEC1619 VALUES ('VOLKSWAGEN', 4, 'GREEN', 22);
INSERT INTO SEC1619 VALUES ('VOLKSWAGEN', 2, 'RED', 20);
INSERT INTO SEC1619 VALUES ('VOLKSWAGEN', 4, 'RED', 23);
INSERT INTO SEC1619 VALUES ('VOLKSWAGEN', 2, 'WHITE', 21);
INSERT INTO SEC1619 VALUES ('VOLKSWAGEN', 4, 'WHITE', 24);
COMMIT;
 
-- ***************************************************
-- EXTRA TABLES FOR CHAPTER 18
-- ***************************************************

CREATE TABLE SEC1804_FINANCES AS
SELECT *
FROM SEC1512_FINANCES;


CREATE TABLE SEC1816_CHANGES
(EMP_ID       INT(3),
NEW_MANAGER   INT(3));

INSERT INTO SEC1816_CHANGES VALUES (206, 204);
INSERT INTO SEC1816_CHANGES VALUES (207, 204);
INSERT INTO SEC1816_CHANGES VALUES (209, 205);
INSERT INTO SEC1816_CHANGES VALUES (210, 205);
COMMIT;


CREATE TABLE SEC1816A_empregados AS
SELECT *
FROM funcionarios;

CREATE TABLE SEC1816B_empregados AS
SELECT *
FROM funcionarios;


CREATE TABLE SEC1817_FIRST AS
SELECT *
FROM SEC1407_FIRST;


CREATE TABLE SEC1817_SECOND AS
SELECT *
FROM SEC1407_SECOND;

-- ***************************************************
-- CHECK THAT THE TABLES WERE BUILT  CORRECTLY
-- ***************************************************
-- VERIFICAR
CREATE OR REPLACE VIEW actual_database_objects_view AS
SELECT 'TABLE' AS OBJECT_TYPE, COUNT(*) AS ACTUAL_COUNT
FROM information_schema.TABLES
WHERE TABLE_SCHEMA = 'sqlfun'
UNION
SELECT 'VIEW', COUNT(*)
FROM information_schema.VIEWS
WHERE TABLE_SCHEMA = 'sqlfun'
UNION
SELECT 'ROUTINE', COUNT(*)
FROM information_schema.ROUTINES
WHERE ROUTINE_SCHEMA = 'sqlfun';

-- VERIFICAR
CREATE OR REPLACE VIEW actual_constraints_view AS
SELECT CASE 
           WHEN CONSTRAINT_TYPE = 'PRIMARY KEY' THEN 'PRIMARY KEY CONSTRAINT'
           WHEN CONSTRAINT_TYPE = 'FOREIGN KEY' THEN 'REFERENTIAL INTEGRITY CONSTRAINT'
           WHEN CONSTRAINT_TYPE = 'UNIQUE' THEN 'UNIQUENESS CONSTRAINT'
           WHEN CONSTRAINT_TYPE = 'CHECK' THEN 'CHECK CONSTRAINT'
           ELSE CONSTRAINT_TYPE
       END AS CONSTRAINT_TYPE,			
       COUNT(*) AS ACTUAL_COUNT
FROM information_schema.TABLE_CONSTRAINTS
WHERE TABLE_SCHEMA = 'sqlfun'
GROUP BY CONSTRAINT_TYPE;


CREATE OR REPLACE VIEW ACTUAL_BUILT_OBJECTS_VIEW AS
SELECT 'A' AS OBJECT_CATEGORY,
       A.OBJECT_TYPE,
       A.ACTUAL_COUNT
FROM ACTUAL_DATABASE_OBJECTS_VIEW A
UNION ALL
SELECT 'B',
       B.CONSTRAINT_TYPE,
       B.ACTUAL_COUNT
FROM ACTUAL_CONSTRAINTS_VIEW B;


CREATE TABLE EXPECTED_BUILT_OBJECTS
(OBJECT_CATEGORY VARCHAR(1),
OBJECT_TYPE      VARCHAR(50),
EXPECTED_COUNT   INT(3));

-- INSERT INTO EXPECTED_BUILT_OBJECTS VALUES ('A', 'INDEX', 56);
-- INSERT INTO EXPECTED_BUILT_OBJECTS VALUES ('A', 'SEQUENCE', 5);
INSERT INTO EXPECTED_BUILT_OBJECTS VALUES ('A', 'TABLE', 252);
INSERT INTO EXPECTED_BUILT_OBJECTS VALUES ('A', 'VIEW', 9);
INSERT INTO EXPECTED_BUILT_OBJECTS VALUES ('A', 'ROUTINE', 0);
INSERT INTO EXPECTED_BUILT_OBJECTS VALUES ('B', 'PRIMARY KEY CONSTRAINT', 54);
INSERT INTO EXPECTED_BUILT_OBJECTS VALUES ('B', 'CHECK CONSTRAINT', 4);
INSERT INTO EXPECTED_BUILT_OBJECTS VALUES ('B', 'REFERENTIAL INTEGRITY CONSTRAINT', 18);
INSERT INTO EXPECTED_BUILT_OBJECTS VALUES ('B', 'UNIQUENESS CONSTRAINT', 2);
COMMIT;

-- VERIFICAR
SELECT 
    COALESCE(A.OBJECT_TYPE, B.OBJECT_TYPE) AS OBJECT_TYPE,
    A.ACTUAL_COUNT,
    B.EXPECTED_COUNT,
    CASE 
        WHEN A.ACTUAL_COUNT = B.EXPECTED_COUNT THEN 'OK'
        ELSE '*** ERROR ***'
    END AS COMPARE_COUNTS
FROM 
    ACTUAL_BUILT_OBJECTS_VIEW A
    LEFT JOIN EXPECTED_BUILT_OBJECTS B ON A.OBJECT_TYPE = B.OBJECT_TYPE

UNION

SELECT 
    COALESCE(A.OBJECT_TYPE, B.OBJECT_TYPE) AS OBJECT_TYPE,
    A.ACTUAL_COUNT,
    B.EXPECTED_COUNT,
    CASE 
        WHEN A.ACTUAL_COUNT = B.EXPECTED_COUNT THEN 'OK'
        ELSE '*** ERROR ***'
    END AS COMPARE_COUNTS
FROM 
    EXPECTED_BUILT_OBJECTS B
    LEFT JOIN ACTUAL_BUILT_OBJECTS_VIEW A ON B.OBJECT_TYPE = A.OBJECT_TYPE
WHERE 
    A.OBJECT_TYPE IS NULL

ORDER BY 
    OBJECT_TYPE;

-- ***************************************************
--  END OF PROCEDURE
-- ***************************************************
